-- phpMyAdmin SQL Dump
-- version 5.1.1
-- https://www.phpmyadmin.net/
--
-- Máy chủ: 127.0.0.1:3308
-- Thời gian đã tạo: Th6 16, 2022 lúc 06:13 AM
-- Phiên bản máy phục vụ: 5.7.36
-- Phiên bản PHP: 7.4.26

SET SQL_MODE = "NO_AUTO_VALUE_ON_ZERO";
START TRANSACTION;
SET time_zone = "+00:00";


/*!40101 SET @OLD_CHARACTER_SET_CLIENT=@@CHARACTER_SET_CLIENT */;
/*!40101 SET @OLD_CHARACTER_SET_RESULTS=@@CHARACTER_SET_RESULTS */;
/*!40101 SET @OLD_COLLATION_CONNECTION=@@COLLATION_CONNECTION */;
/*!40101 SET NAMES utf8mb4 */;

--
-- Cơ sở dữ liệu: `occop-mart`
--

-- --------------------------------------------------------

--
-- Cấu trúc bảng cho bảng `banner`
--

DROP TABLE IF EXISTS `banner`;
CREATE TABLE IF NOT EXISTS `banner` (
  `idBanner` int(11) NOT NULL AUTO_INCREMENT,
  `titleBanner` text COLLATE utf8mb4_unicode_ci NOT NULL,
  `imgBanner` text COLLATE utf8mb4_unicode_ci NOT NULL,
  `descriptBanner` text COLLATE utf8mb4_unicode_ci NOT NULL,
  PRIMARY KEY (`idBanner`)
) ENGINE=InnoDB AUTO_INCREMENT=4 DEFAULT CHARSET=utf8mb4 COLLATE=utf8mb4_unicode_ci;

--
-- Đang đổ dữ liệu cho bảng `banner`
--

INSERT INTO `banner` (`idBanner`, `titleBanner`, `imgBanner`, `descriptBanner`) VALUES
(1, 'Chứng Nhận Đầu Tư', 'BioMINHHONG.jpg', 'ĐẢM BẢO AN TOÀN'),
(2, 'Chứng Nhận Dự Án', 'OcopCertificate.jpg', 'CẤP BỞI UBNDT Quảng Nam'),
(3, 'Chế Phẩm ', 'CertificateShop.jpg', 'SINH HỌC CỰC KÌ ĐA DỤNG');

-- --------------------------------------------------------

--
-- Cấu trúc bảng cho bảng `catenews`
--

DROP TABLE IF EXISTS `catenews`;
CREATE TABLE IF NOT EXISTS `catenews` (
  `IdCateNews` int(11) NOT NULL AUTO_INCREMENT,
  `NameCateNews` varchar(120) COLLATE utf8_unicode_ci NOT NULL,
  PRIMARY KEY (`IdCateNews`)
) ENGINE=InnoDB AUTO_INCREMENT=6 DEFAULT CHARSET=utf8 COLLATE=utf8_unicode_ci;

--
-- Đang đổ dữ liệu cho bảng `catenews`
--

INSERT INTO `catenews` (`IdCateNews`, `NameCateNews`) VALUES
(1, 'Con Người'),
(2, 'Cuộc Sống'),
(3, 'Tâm Sự'),
(4, 'Gia Đình'),
(5, 'Thế Giới');

-- --------------------------------------------------------

--
-- Cấu trúc bảng cho bảng `interface_home`
--

DROP TABLE IF EXISTS `interface_home`;
CREATE TABLE IF NOT EXISTS `interface_home` (
  `idInterfaceHome` int(11) NOT NULL AUTO_INCREMENT,
  `backgroundBanner` text COLLATE utf8_unicode_ci NOT NULL,
  `nameTabHome` text COLLATE utf8_unicode_ci NOT NULL,
  `subBannerProduct1` text COLLATE utf8_unicode_ci NOT NULL,
  `subBannerProduct2` text COLLATE utf8_unicode_ci NOT NULL,
  `nameTabShop` text COLLATE utf8_unicode_ci NOT NULL,
  `nameTabIntro` text COLLATE utf8_unicode_ci NOT NULL,
  `nameTabBlog` text COLLATE utf8_unicode_ci NOT NULL,
  `nameTabContact` text COLLATE utf8_unicode_ci NOT NULL,
  PRIMARY KEY (`idInterfaceHome`)
) ENGINE=InnoDB AUTO_INCREMENT=2 DEFAULT CHARSET=utf8 COLLATE=utf8_unicode_ci;

--
-- Đang đổ dữ liệu cho bảng `interface_home`
--

INSERT INTO `interface_home` (`idInterfaceHome`, `backgroundBanner`, `nameTabHome`, `subBannerProduct1`, `subBannerProduct2`, `nameTabShop`, `nameTabIntro`, `nameTabBlog`, `nameTabContact`) VALUES
(1, 'bannerOcop2.jpg', 'Trang Chủ', 'coding.png', 'banner-2.jpg', 'Ocop-Mart', 'Giới Thiệu', 'Bài viết', 'Liên hệ');

-- --------------------------------------------------------

--
-- Cấu trúc bảng cho bảng `news`
--

DROP TABLE IF EXISTS `news`;
CREATE TABLE IF NOT EXISTS `news` (
  `IdNew` int(11) NOT NULL AUTO_INCREMENT,
  `IdCateNews` int(11) NOT NULL,
  `Title` text COLLATE utf8_unicode_ci NOT NULL,
  `Section1` text COLLATE utf8_unicode_ci NOT NULL,
  `Section2` text COLLATE utf8_unicode_ci NOT NULL,
  `Section3` text COLLATE utf8_unicode_ci NOT NULL,
  `Date` date NOT NULL,
  `Location` varchar(200) COLLATE utf8_unicode_ci NOT NULL,
  `ImgNew1` varchar(200) COLLATE utf8_unicode_ci NOT NULL,
  `ImgNew2` varchar(200) COLLATE utf8_unicode_ci NOT NULL,
  `specialNew` int(11) DEFAULT NULL,
  `slug` text COLLATE utf8_unicode_ci,
  PRIMARY KEY (`IdNew`) USING BTREE,
  KEY `fk_cate_new` (`IdCateNews`)
) ENGINE=InnoDB AUTO_INCREMENT=26 DEFAULT CHARSET=utf8 COLLATE=utf8_unicode_ci;

--
-- Đang đổ dữ liệu cho bảng `news`
--

INSERT INTO `news` (`IdNew`, `IdCateNews`, `Title`, `Section1`, `Section2`, `Section3`, `Date`, `Location`, `ImgNew1`, `ImgNew2`, `specialNew`, `slug`) VALUES
(1, 1, 'Quyền con người (QCN) là một mục tiêu nhất quán, xuyên suốt các cương lĩnh, đường lối, chính sách của Đảng Cộng sản Việt Nam từ khi ra đời năm 1930 đến nay. Trong mỗi thời kỳ lịch sử, mục tiêu QCN được cụ thể trong chiến lược cách mạng.', '\0Trước khi giành được độc lập, QCN là khẩu hiệu để tập hợp quần chúng đi theo Đảng, làm cách mạng giành độc lập dân tộc. Sau khi Cách mạng Tháng Tám năm 1945 thành công, QCN được công khai tuyên bố. Trong Tuyên ngôn độc lập năm 1945, Chủ tịch Hồ Chí Minh đã khẳng định QCN gắn liền với độc lập dân tộc. Người viết: “Tất cả các dân tộc trên thế giới đều sinh ra bình đẳng, dân tộc nào cũng có quyền sống, quyền sung sướng và quyền tự do”.\r\n\r\nCác hiến pháp Việt Nam từ Hiến pháp đầu tiên năm 1946 đến Hiến pháp năm 2013 đều nhất quán quy định các QCN và quyền công dân (QCD). Hiến pháp năm 2013 dành một chương (Chương II) quy định đầy đủ về “Quyền con người, quyền và nghĩa vụ cơ bản của công dân”. Những quy định về QCN tại chương này hoàn toàn tương thích với các công ước quốc tế, trong đó có những quyền được xem là “nhạy cảm” cũng đã được đưa vào văn kiện này.\r\n\r\nThể chế hóa Hiến pháp năm 2013 (Điều 25) và nội luật hóa các công ước quốc tế về QCN mà Việt Nam đã gia nhập, ký kết, Quốc hội Việt Nam vừa qua đã sửa đổi và xây dựng nhiều đạo luật mới, như: Luật Báo chí (năm 2016), Luật Tiếp cận thông tin (năm 2013), Luật An ninh mạng (năm 2018)... Các quy định của những bộ luật trên đều nhằm bảo đảm an ninh quốc gia, trật tự công cộng và QCN.', 'Trên thực tế QCN trên lĩnh vực báo chí nói chung, internet, mạng xã hội (MXH) nói riêng đã được bảo đảm đầy đủ, nhanh nhất có thể. Việt Nam hòa mạng internet toàn cầu khá sớm so với nhiều quốc gia trong khu vực (từ ngày 1-12-1997). Tuy nhiên, trong bối cảnh internet, MXH hiện nay, việc tôn trọng, bảo đảm QCN cũng có những khác biệt nhất định so với các giai đoạn lịch sử đã qua. Nội dung QCN ngày nay mở rộng hơn trước, bao gồm quyền sử dụng internet, MXH. Tất nhiên, kèm theo với quyền đó, người sử dụng cũng phải có nghĩa vụ tương ứng. Nếu như trước đây, quyền tự do ngôn luận, báo chí chỉ có quyền tiếp cận với báo in, báo nói, báo hình, thì ngày nay quyền này còn bao gồm cả quyền tiếp cận, sử dụng internet, MXH.\r\n\r\n2. Cho đến nay, nhiều vấn đề QCN, từ tình trạng vi phạm của một bộ phận cán bộ, công chức, tình trạng vi phạm của công dân và những hành vi lợi dụng QCN để xâm phạm an ninh quốc gia, trật tự xã hội đang là một vấn đề cần ứng phó, giải quyết, nhất là những vấn đề lớn, những vấn đề gây nhức nhối xã hội.\r\n\r\nTheo nhiều đại biểu Quốc hội, trước mỗi kỳ họp, các đại biểu đều nhận được rất nhiều đơn thư khiếu kiện về đất đai, về đền bù giải tỏa thiếu minh bạch, không công bằng, nhất là đền bù giải tỏa, giao đất cho các doanh nghiệp. Cùng với đó là vấn đề bạo lực trên lĩnh vực giới và quyền trẻ em…\r\n\r\nVi phạm QCN về chính trị, dưới hình thức “Hội chứng đám đông” đang là vấn đề xã hội cần sớm có những giải pháp hữu hiệu. Trong vài năm lại đây, đã xuất hiện hành vi tụ tập đông người, biểu tình gây rối. Chẳng hạn, những cuộc biểu tình gây rối viện cớ ô nhiễm môi trường biển; hoặc gần đây là những hành động vi phạm pháp luật sau sự kiện Quốc hội bàn thảo Luật Đơn vị hành chính-kinh tế đặc biệt Vân Đồn, Bắc Vân Phong, Phú Quốc và thông qua Luật An ninh mạng. Hành vi của những người biểu tình có nhiều nguyên nhân song có thể nói đã vi phạm an ninh quốc gia, trật tự công cộng… trái với nguyên tắc QCN.\r\n\r\nQuyền được sống trong một môi trường trong sạch là một loại quyền mới. Những nhóm xã hội dễ bị tổn thương và nhóm người nghèo thường chịu tác động nhiều hơn, trong đó đáng kể nhất là ô nhiễm chất thải, khói bụi; ô nhiễm không khí, nguồn nước, tiếng ồn và ánh sáng... Đây đang là vấn đề lớn, cấp bách về QCN ở nước ta.\r\n\r\nMột trong những vấn đề QCN hiện nay trong bối cảnh internet, MXH là bảo đảm QCN trong tiếp cận, phản hồi thông tin và ngăn chặn việc lợi dụng QCN để vi phạm pháp luật. Internet, MXH là một hệ thống thông tin mạng lan tỏa gần như tức thì trên tất cả lĩnh vực. Đồng thời, những thông tin này được lưu giữ, dễ dàng tìm kiếm và có những hoạt động tương tác trực tuyến. Thế nhưng thế giới ảo lại đặt ra nhiều thách thức đối với QCN, nhất là quyền tiếp cận thông tin một cách chân thực. Quyền này thường bị vi phạm từ những việc đơn giản, như mua, bán hàng (hàng giả, kém chất lượng trên mạng) cho đến những vấn đề liên quan đến an ninh quốc gia, trật tự xã hội, quyền riêng tư của cá nhân...\r\n\r\nKhác với thế giới thực, những thông tin mà người ta có được trên thế giới ảo khó kiểm chứng. Điều này, dẫn đến việc kẻ xấu có thể lợi dụng internet, MXH vì những mục tiêu xấu độc, như: Đưa thông tin giật gân, câu view, câu like; đưa thông tin về đời tư do hẹp hòi, ích kỷ, định kiến cá nhân... Thông tin sai sự thật không những ảnh hưởng đến xã hội, mà còn tác động xấu đối với cá nhân, vi phạm QCN, thậm chí có người do tác động của thông tin mạng đã tìm đến cái chết…\r\n\r\nVụ Nguyễn Ngọc Như Quỳnh-“Mẹ Nấm\"-vi phạm pháp luật là một ví dụ về lợi dụng QCN trên internet, MXH. Tại phiên tòa phúc thẩm, Nguyễn Ngọc Như Quỳnh thừa nhận toàn bộ hành vi mà cáo trạng nêu. Nguyễn Ngọc Như Quỳnh đã sử dụng facebook cá nhân để đăng tải, chia sẻ nhiều bài viết có nội dung sai sự thật, không có căn cứ, tuyên truyền xuyên tạc, đả kích, nói xấu đường lối, chính sách của Đảng, pháp luật của Nhà nước, xuyên tạc lịch sử cách mạng Việt Nam, chia rẽ khối đoàn kết dân tộc.\r\n\r\nNhư vậy, xét về chủ thể của các hành vi vi phạm QCN bao gồm: (1) Các cá nhân (thường là cán bộ, công chức thiếu hiểu biết về QCN); (2) Nhóm công tác vi phạm (cùng nguyên nhân như trên); (3) Nhóm dân cư (do ngộ nhận về QCN hoặc bị kẻ, kích động, xấu xúi giục…diễn ra trên một số địa bàn).\r\n\r\nNhững QCN bị vi phạm bao gồm: (1) Quyền tập thể, quyền quốc gia dân tộc. Đó là an ninh quốc gia, trật tự công cộng… Những hành vi vi phạm quyền này thường là xuyên tạc đường lối, chính sách của Đảng và Nhà nước, xuyên tạc lịch sử, hoặc tụ tập đông người, biểu tình gây rối…; (2) Quyền của nhóm xã hội, nhất là quyền không bị phân biệt đối xử của nữ giới và quyền trẻ em; (3) Quyền của cá nhân, trong đó có quyền không bị tra tấn và bị các hình thức nhục hình, xúc phạm nhân phẩm, danh dự (kể cả khi họ vi phạm pháp luật-theo Công ước Chống tra tấn).\r\n\r\nĐể khắc phục tình trạng QCN bị vi phạm đòi hỏi chúng ta phải có hệ thống các giải pháp: (1) Trước hết là nâng cao nhận thức về QCN. Do QCN vừa mang tính phổ biến, vừa mang tính đặc thù, nên công tác tuyên truyền, giáo dục về QCN phải dựa trên quan điểm của Đảng ta. Đối tượng cần nâng cao nhận thức về QCN, trước hết là cán bộ, đảng viên, công chức… Đây là những người có trách nhiệm bảo vệ và bảo đảm QCN cho nhân dân. Chủ trương đưa giáo dục về QCN trong cả hệ thống giáo dục, từ cơ sở đến giáo dục chuyên nghiệp và đại học là cần thiết. (2) Tiếp tục hoàn thiện pháp luật liên quan đến QCN theo Điều 25 Hiến pháp năm 2013. (3) Tiếp tục hoàn thiện chính sách, pháp luật về đất đai, nhất là chính sách về đền bù giải tỏa… nhằm bảo đảm việc làm của người bị thu hồi đất; bảo đảm công bằng, công khai, minh bạch giá đền bù… trước mắt có giải pháp giảm số lượng khiếu kiện về đất đai ở các địa phương. (4) Nhanh chóng có biện pháp ngăn chặn, giảm tình trạng ô nhiễm môi trường, bảo đảm QCN cho cả xã hội được sống trong môi trường trong lành. (5) Tăng cường thông tin truyền thông về QCN.', 'QCN là bản chất của chế độ ta. Bởi vậy trong bất cứ thời kỳ nào, hoàn cảnh nào, cán bộ, đảng viên, công chức, cán bộ, chiến sĩ LLVT luôn phải nâng cao nhận thức về QCN, luôn tôn trọng, bảo đảm QCN trong phạm vi công tác của mình.', '2021-09-08', 'Đồng Hới', 'imgnew11.jfif', 'imgnew12.jpg', NULL, 'quyen-con-nguoi-qcn-la-mot-muc-tieu-nhat-quan-xuyen-suot-cac-cuong-linh-duong-loi-chinh-sach-cua-dang-cong-san-viet-nam-tu-khi-ra-doi-nam-1930-den-nay-trong-moi-thoi-ky-lich-su-muc-tieu-qcn-duoc-cu-the-trong-chien-luoc-cach-mang-'),
(2, 1, 'Giọng hát của người đàn ông sau hành trình chiến thắng ung thư vòm họng', 'Đến thăm chú Trần Văn Tiến (Lý Nhân, Hà Nam) chúng tôi đều bất ngờ về giọng hát của chú. Vui vẻ mời chúng tôi vào nhà, chú Tiến bắt đầu chia sẻ về hành trình để lấy lại giọng hát như bây giờ - hành trình chiến thắng căn bệnh ung thư vòm họng.\r\nGiọng hát của người đàn ông sau hành trình chiến thắng ung thư vòm họng\r\n\r\nĐến thăm chú Trần Văn Tiến (Lý Nhân, Hà Nam) chúng tôi đều bất ngờ về giọng hát của chú. Vui vẻ mời chúng tôi vào nhà, chú Tiến bắt đầu chia sẻ về hành trình để lấy lại giọng hát như bây giờ - hành trình chiến thắng căn bệnh ung thư vòm họng.\r\n\r\nKhông bao giờ nghĩ có thể hát Karaoke được như bây giờ\r\n\r\nNhận được nhiều lời khen ngợi về giọng hát, chú Tiến vui vẻ chia sẻ: \"Từ gần 2 năm nay, so với những ngày bị căn bệnh ung thư vòm họng quái ác hành hạ thì giờ đây mỗi ngày với tôi là một niềm vui, vui nhất là có thể nói được, hát được như bây giờ, tất cả đều nhờ tuân thủ điều trị, sự chăm sóc của gia đình và sử dụng sản phẩm GHV KSol, hỗ trợ. Tiếng hát cất lên dù không còn trầm bổng và truyền cảm như ngày xưa nữa nhưng đối với một người vừa thoát khỏi căn bệnh ung thư vòm họng thực sự là một kỳ tích.\"', 'Tháng 6 năm 2018, chú Tiến quyết định gom góp số tiền còn lại trong nhà rồi tự đi xe máy từ nhà lên Hà Nội để kiểm tra. Sau khi làm tất cả các xét nghiệm, kiểm tra tại Bệnh viện Bạch Mai, bác sĩ thông báo chú bị Ung thư vòm khẩu cái giai đoạn 3. \r\n\r\n\"Trời đất như tối sầm lại, cầm kết quả trên tay tôi không thể đứng vững nữa, phải ngồi một lúc mới trấn an được bản thân để bình tĩnh đi xe máy về quê làm thủ tục chuyển bảo hiểm y tế lên Hà Nội điều trị.\"- chú Tiến kể lại.\r\n\r\nSau đó 1 tuần, chú Tiến lên Bệnh viện K3 Tân Triều nhập viện và được tiếp nhận điều trị theo phác đồ bao gồm cả hóa trị và xạ trị. Chú kiên trì tuân thủ theo phác đồ điều trị của bác sĩ, sáng truyền hóa chất trên tầng 7, tối lại đi xạ trị. Liệu pháp hóa xạ trị có tác dụng phụ đã vắt kiệt sức lực của ông già hơn 60 tuổi như chú. Vừa đau đớn, vừa mệt mỏi và buồn nôn, chú Tiến gần như không ăn uống gì được, cân nặng lúc đầu 55kg chỉ còn 41kg, không khác gì một bộ da bọc xương.', 'Sau 4 tháng điều trị, hoàn thành phác đồ hóa trị, xạ trị chú Tiến được bác sĩ cho xuất Viện. Lúc này sức khỏe của chú rất yếu, đi lại phải có người xốc nách 2 bên. \"Tôi không ăn uống được, mệt mỏi chỉ nằm một chỗ. Lúc đó nói thật là tôi sợ, sợ khi phải trở thành gánh nặng của gia đình, sợ khi bà con họ hàng sang thăm hỏi mà tôi không thể nói chuyện được… Tôi nghĩ coi như cuộc đời tôi thế là hết.\" chú Tiến bàng hoàng kể lại.', '2021-09-08', 'Đồng Hới', 'imgnew21.jpg', 'imgnew22.jpg', 1, 'giong-hat-cua-nguoi-dan-ong-sau-hanh-trinh-chien-thang-ung-thu-vom-hong'),
(3, 1, 'Bí thư thị trấn ở Bình Dương tử vong trong ô tô riêng', '\0Sau nhiều lần liên lạc với ông Vũ bất thành, người thân đi tìm và phát hiện Bí thư thị trấn Lai Uyên (huyện Bàu Bàng, Bình Dương) tử vong trên ghế lái ô tô riêng, cửa xe khóa trái.', 'Chiều 14/9, Công an thị xã Bến Cát (Bình Dương) đang phối hợp với các đơn vị nghiệp vụ của Công an tỉnh Bình Dương khám nghiệm hiện trường, điều tra nguyên nhân ông Lê Nguyên Vũ (45 tuổi), Bí thư thị trấn Lai Uyên (huyện Bàu Bàng) tử vong trên ô tô. \r\n\r\nThông tin ban đầu, tối 13/9, ông Vũ từ cơ quan về nhà ở thị xã Bến Cát lấy đồ dùng cá nhân. Đến sáng 14/9, người thân không thấy ông về nhà, không lên cơ quan làm việc.\r\n\r\nThấy có chuyện bất thường, mọi người tỏa đi tìm và phát hiện ô tô của ông Vũ đỗ ở một tuyến đường trong KCN Mỹ Phước (phường Thới Hòa, thị xã Bến Cát), xe khóa từ bên trong.\r\n\r\nMột số người đập bể kính mở cửa, phát hiện ông Vũ tử vong ở ghế lái.\r\n\r\nBước đầu cơ quan công an ghi nhận nạn nhân không có dấu hiệu bị tác động bằng ngoại lực. \r\n\r\nTrước khi gặp nạn, ông Vũ là Bí thư Đảng ủy thị trấn Lai Uyên, kiêm Chủ tịch HĐND, Trưởng ban chỉ đạo phòng, chống dịch bệnh Covid-19 của thị trấn.', 'Theo lãnh đạo Huyện ủy Bàu Bàng, trước khi xảy ra sự việc, ông Vũ công tác bình thường, không có dấu hiệu bất thường về sức khỏe.', '2021-09-08', 'Đồng Hới', 'imgnew31.jpg', 'imgnew32.jpg', 1, 'bi-thu-thi-tran-o-binh-duong-tu-vong-trong-o-to-rieng'),
(4, 1, 'Đánh dân quân trực chốt kiểm dịch, nhân viên y tế ở Phú Yên bị khởi tố\n', 'Một nhân viên y tế làm việc tại Bệnh viện Sản - Nhi tỉnh Phú Yên bị khởi tố về hành vi \"chống người thi hành công vụ\", do đã đánh người trực chốt kiểm dịch Covid-19.\r\nNgày 14/9, Cơ quan Cảnh sát điều tra Công an huyện Đồng Xuân (tỉnh Phú Yên) cho biết, đã tống đạt quyết định khởi tố bị can về tội \"Chống người thi hành công vụ\" đối với Phạm Quốc Học (sinh năm 1985, trú ở thôn Tân Phú, xã Xuân Sơn Nam, huyện Đồng Xuân). Bị can Học bị cấm đi khỏi nơi cư trú.', 'Học hiện đang là nhân viên Khoa kiểm soát nhiễm khuẩn của Bệnh viện Sản - Nhi tỉnh Phú Yên.\r\n\r\nTheo điều tra ban đầu, vào tối ngày 10/9, Học điều khiển xe máy từ Bệnh viện Sản - Nhi tỉnh Phú Yên về nhà ở xã Xuân Sơn Nam. Khi đến chốt kiểm soát dịch Covid-19 tại địa bàn huyện Đồng Xuân, Học khai báo y tế không đầy đủ theo quy định.\r\n\r\nLúc này, 2 nữ nhân viên y tế làm việc tại đây yêu cầu Học bổ sung thông tin nhưng người này không chấp hành.\r\n\r\nThấy hành vi của Học là chưa đảm bảo công tác phòng, chống dịch Covid-19, lực lượng trực chốt đã chốt nhắc nhở, yêu cầu thực hiện đúng quy định, nhưng Học vẫn bất chấp.\r\n\r\nCùng thời điểm, một dân quân địa phương bước đến khuyên Học bổ sung thông tin khai báo y tế rồi về, nhưng Học không nghe. Sau đó, Học chỉ tay vào mặt dân quân này rồi lớn tiếng chửi mắng thô tục, xúc phạm sau đó vung tay đấm vào miệng của nam dân quân.', 'Trước tình huống trên, tổ công tác thực thi nhiệm vụ tại chốt kiểm soát đã khống chế, đưa Học về Công an xã Xuân Sơn Nam lập biên bản phạm tội quả tang và đến nay đã khởi tố để xử lý theo quy định của pháp luật.', '2021-09-15', 'Đồng Hới', 'imgnew41.jpeg', 'imgnew42.jpg', 1, 'danh-dan-quan-truc-chot-kiem-dich-nhan-vien-y-te-o-phu-yen-bi-khoi-to'),
(5, 1, 'Nam thanh niên hành hung công an viên ở chốt kiểm dịch lĩnh 15 tháng tù\n', '\0Sáng 14/9, TAND huyện Nông Cống (Thanh Hóa) đã mở phiên tòa sơ thẩm xét xử bị cáo Nguyễn Văn Bắc (SN 1993, ở thôn Lạn, xã Các Sơn, thị xã Nghi Sơn, Thanh Hóa) về tội danh \"chống người thi hành công vụ\".\r\n\r\nTheo cáo trạng của Viện KSND huyện Nông Cống, mặc dù biết huyện Nông Cống đang áp dụng giãn cách xã hội theo Chỉ thị 16 của Thủ tướng Chính phủ để phòng, chống dịch Covid-19, khoảng 18h30 ngày 30/8, Bắc vẫn di chuyển từ thị xã Nghi Sơn sang địa bàn huyện Nông Cống.', 'Khi đi qua chốt kiểm soát thuộc địa phận thôn Làng Mật (xã Vạn Thiện, Nông Cống), Bắc bị các lực lượng chức năng phát hiện, yêu cầu dừng lại để kiểm tra giấy tờ và thực hiện các quy định về phòng, chống dịch.\r\n\r\nTuy nhiên, Bắc đã không xuất trình được giấy tờ tùy thân cũng như không chấp hành các thủ tục về phòng, chống dịch. Khi lực lượng chức năng yêu cầu vào vị trí quy định để khai báo y tế và lập biên bản, Bắc đã không những không chấp hành mà còn bỏ chạy qua chốt.\r\n\r\nNgay sau đó, anh Phạm Văn Thọ - Công an viên bán chuyên trách xã Vạn Thiện đuổi theo ngăn chặn các hành vi của Bắc. Không chấp hành yêu cầu, đối tượng Bắc còn lấy một thanh luồng dài khoảng 1 m bên lề đường tấn công làm anh Thọ bị thương.\r\n\r\nCác lực lượng chức năng tại chốt kiểm soát đã kịp thời có mặt khống chế, bắt giữ, lập biên bản vi phạm và bàn giao đối tượng này cho Đội Cảnh sát hình sự Công an huyện Nông Cống xử lý.\r\n\r\nĐược biết, do bị nghiện nên Bắc đã đi từ thị xã Nghi Sơn sang huyện Nông Cống để tìm mua ma túy sử dụng.\r\n\r\nVới hành vi phạm tội của mình, HĐXX đã tuyên phạt Nguyễn Văn Bắc 15 tháng tù giam.\r\n\r\nHiện nay, tình hình dịch Covid-19 trên địa bàn tỉnh Thanh Hóa nói chung và huyện Nông Cống nói riêng đang diễn biến phức tạp và tiềm ẩn nhiều nguy cơ lây nhiễm trong cộng đồng.  ', 'Tuy nhiên, một bộ phận người dân ý thức chưa cao, không tuân thủ các quy định về phòng, chống dịch. Việc TAND huyện Nông Cống đưa vụ án \"chống người thi hành công vụ\" của bị cáo Nguyễn Văn Bắc ra xét xử công khai nhằm mục đích tuyên truyền, giáo dục răn đe và phòng ngừa tội phạm và các hành vi vi phạm pháp luật khác, nhất là hành vi vi phạm quy định về phòng, chống dịch Covid-19.', '2021-09-01', 'Đồng Hới', 'imgnew51.jpeg', 'imgnew52.jpg', NULL, 'nam-thanh-nien-hanh-hung-cong-an-vien-o-chot-kiem-dich-linh-15-thang-tu'),
(6, 2, 'Giá trị cuộc sống tồn tại ở đâu xung quanh chúng ta?', 'Giá trị cuộc sống là phạm vi trừu tượng và rộng lớn. Tùy theo cách nhìn nhận và đánh giá của mỗi người, giá trị cuộc sống lại mang đến một màu sắc, ý nghĩa riêng. Giá trị cuộc sống là những điều hạnh phúc, sống vô tư, sự lạc quan, yêu đời,… Không “đao to búa lớn”, giá trị cuộc sống ẩn sâu trong những điều nhỏ bé hàng ngày. Đó là:\r\n\r\nGiá trị vật chất\r\nĐây là loại giá trị hiện hữu và dễ nhìn nhất trong cuộc sống. Sự bắt đầu của giá trị vật chất chính là giá trị sử dụng. Từ: quần áo, vật dụng, phương tiện,… Tiếp nối theo sự phát triển của nhân loại, giá trị vật chất ngày càng cao cấp hơn như: tranh vẽ, nhạc cụ hay phim ảnh. Những giá trị vật chất là tiền đề cho sự tồn tại của sự sống, giúp chúng ta có những trải nghiệm thoải mái và tiện nghi hơn.', 'Giá trị tri thức\r\nTheo thời gian, mỗi chúng ta đều tiếp thu được một khối tri thức nhất định. Giá trị tri thức rất hữu ích, góp phần thể hiện tài năng trí tuệ của mỗi người. Nhờ vậy, chúng ta có cái nhìn sâu rộng hơn về những gì đang xảy ra và có động lực không ngừng nâng cao chất lượng cuộc sống. Bạn đừng quên trau dồi và tích lũy tri thức mỗi ngày\r\n\r\nGiá trị thời gian\r\nGiá trị thời gian quý đến nỗi không thể đánh đổi bằng bất kỳ một giá trị vật chất nào. Khi thời gian đã qua đi thì không có cách nào để lấy lại. Mỗi chúng ta đều có quỹ thời gian như nhau. Bạn chính là người quyết định dòng chảy thời gian của mình thật sự có giá hay vô nghĩa.', 'Đây là những tiêu chí được đặt ra để làm thước đo cho thái độ, giao tiếp, hành vi con người. Đạo đức cần liên tục được trau dồi và rèn luyện để đạt được những quy chuẩn nhất định. Giá trị này không chỉ ảnh hưởng tới cá nhân mà còn thúc đẩy sự phát triển của xã hội.', '2021-09-15', 'Đồng Hới ', 'imgnew61.jpg', 'imgnew62.jpg', NULL, 'gia-tri-cuoc-song-ton-tai-o-dau-xung-quanh-chung-ta'),
(7, 2, 'Những lời cảm ơn hay, chân thành nhất trong cuộc sống', 'Lời cảm ơn hay, chân thành sẽ nhanh chóng “đốn tim” người nhận. Nó là cầu nối tình cảm giữa mọi người với nhau và được ví như nghệ thuật trong giao tiếp. Bài viết dưới đây sẽ tổng hợp những lời cảm ơn chân thành, giúp bạn có thể tham khảo trong nhiều tình huống để nâng cao giá trị cuộc sống.\r\n\r\nLời cảm ơn tới gia đình\r\nNhiều người dễ dàng nói lời cảm ơn hay ở bên ngoài xã hội, nhưng lại thấy khó nói với người thân trong gia đình. Có rất nhiều dịp để bạn có thể bày tỏ tình cảm của mình kèm theo lời cảm ơn. Đó có thể là ngày sinh nhật, lễ Vu Lan báo hiếu, 8/3, 20/10,…\r\n\r\nCon cảm ơn ba mẹ đã chịu bao vất vả để nuôi con khôn lớn lên người. Ra ngoài xã hội bon chen, áp lực, con càng hiểu hơn về nỗi khổ của ba mẹ. Con thật hạnh phúc khi được là con của ba mẹ. Con yêu ba mẹ nhiều lắm!.\r\nĐi khắp thế gian không ai sánh bằng mẹ. Gian khổ cuộc đời ai nặng gánh hơn cha. Con gái/con trai cảm ơn cha mẹ vì tất cả. Mong cha mẹ luôn khỏe mạnh, vui vầy bên con cháu.\r\n', ' \r\nCon cảm ơn mẹ vì đã sinh con ra trên cõi đời này để con được là con của mẹ. Hạnh phúc của con là được nhìn thấy nụ cười của mẹ.\r\nCon cảm ơn bố mẹ vì đã giúp con lấy lại động lực, giúp con học cách mỉm cười khi thất bại, giúp con học cách đứng dậy khi vấp ngã.\r\nNước biển mênh mông không đong đầy tình mẹ. Mây trời lồng lộng không phủ kín công cha. Con thương cha mẹ nhiều lắm. Con mong mỗi ngày đều thấy cha mẹ vui khỏe, hạnh phúc.\r\nCon cảm ơn mẹ vì đã luôn bên con, động viên, tin tưởng con những lúc tưởng như ai cũng quay mặt lại với con. Cảm ơn mẹ … vì tất cả!.\r\nCon rất tự hào khi được là con của bố mẹ. Nếu có kiếp sau, con vẫn mong được lớn lên trong vòng tay ấm áp của mẹ và sự yêu thương vô bờ của bố.\r\n', 'Dân văn phòng đừng tiếc những lời cảm ơn tới sếp hay đồng nghiệp. Trang bị kỹ năng sống, nhiều tình huống cần tới làm cảm ơn. Đó có thể là khi bạn hoặc sếp/đồng nghiệp nghỉ việc, chuyển công tác mới, hay đạt được những thành công lớn…', '2021-09-09', 'Đồng Hới', 'imgnew71.jpg', 'imgnew72.jpg', NULL, 'nhung-loi-cam-on-hay-chan-thanh-nhat-trong-cuoc-song'),
(8, 2, 'Thực trạng đáng báo động về vấn đề đọc sách của học sinh hiện nay', 'Sách là nguồn tri thức bất tận của nhân loại, là liều thuốc tinh thần khơi nguồn cảm hứng cho con người, làm cho con người có những suy nghĩ tích cực hơn. Thế nhưng, giới trẻ hiện nay mà đặc biệt là tầng lớp học sinh – Thế hệ chủ nhân tương lai của cả dân tộc lại thờ ơ và làm mai một đi thói quen đọc sách tốt đẹp này. Họ xem việc đọc sách là nỗi ám ảnh và không mấy thiện cảm với sách. Vậy vấn đề đọc sách của học sinh hiện nay như thế nào? Hãy tham khảo bài viết dưới này nhé!  ', 'Với sự phát triển vượt bậc của khoa học công  nghệ và sự tiến bộ của xã hội thì có hai hình thức sách tồn tại đó là: sách giấy và sách điện tử với rất nhiều ứng dụng đọc sách online khá đầy đủ, phong phú tạo điều kiện thuận lợi cho việc đọc sách. Tuy nhiên khi bàn về văn hóa đọc của giới trẻ hiện nay, một thực trạng đáng báo động đó là học sinh hiện nay ngày càng không có hứng thú với việc đọc sách. \r\n\r\n', 'Ngoài những cuốn sách bắt buộc trong các chương trình học như: sách giáo khoa, sách tham khảo, sách hướng dẫn,.. thì học sinh thường bị cuốn vào vòng xoáy của các loại truyện tranh, tiểu thuyết, ngôn tình có nội dung nhảm nhí, vô bổ mà ít tìm đến các loại sách khác như sách khoa học. Thêm vào đó, những cuốn sách có nội dung tuổi teen thường được các bạn chọn đọc vì nó phù hợp với tâm lý, cảm xúc ở lứa tuổi. Còn các loại sách như lịch sử, địa lý, các tác phẩm văn học dường như không nằm trong sự lựa chọn ấy. \r\n\r\n\r\n \r\nMột thực trạng về vấn đề đọc sách của học sinh hiện nay nữa đó là đọc sách không đến nơi đến chốn khiến cho việc tiếp nhận thông tin bị đứt gãy và không hoàn thiện được chuỗi kiến thức. ', '2021-09-15', 'Đồng Hới', 'imgnew81.jfif', 'imgnew82.jpg', NULL, 'thuc-trang-dang-bao-dong-ve-van-de-doc-sach-cua-hoc-sinh-hien-nay'),
(9, 2, 'Những quyển sách về làm giàu nên đọc trước khi khởi nghiệp', 'Bạn có thích làm giàu? Làm giàu thật sự không khó đối với những ai có lòng quyết tâm và đứng vững trên chặng đường mình đã chọn. Thế nhưng quyết tâm thôi chưa đủ bởi trên hành trình đó đòi hỏi chúng ta phải có một tri thức và những kỹ năng cần thiết để làm hành trang chinh phục giấc mơ. Sách, một công cụ bổ ích chắc chắn sẽ làm được điều đó. Đọc sách nhiều chưa chắc đã giàu có, nhưng người giàu có có lẽ phải đọc rất nhiều sách. Và những quyển sách về làm giàu nên đọc dưới đây sẽ là cánh tay đắc lực cho ước mơ làm giàu của bạn. Hãy cùng tìm hiểu nhé! ', 'Đây là một trong những quyển sách về làm giàu nên đọc đầu tiên trong hành trình hiện thực ước mơ làm giàu của bạn. “Dám nghĩ lớn” là tác phẩm nổi tiếng trên toàn Thế giới về những ý tưởng và phương pháp tư duy độc đáo, hiệu quả đã làm thay đổi một cách kỳ diệu cuộc đời của rất nhiều người. Cuốn sách được viết bởi tiến sĩ David Schwartz được trình bày theo từng chương sinh động dễ hiểu mang tính tư duy cao giúp bạn đạt được những thành quả tốt nhất trong công việc. \r\n\r\n\r\n \r\n\r\n \r\n“Mọi nỗi sợ hãi của con người đều do tâm lý mà ra. Nó ngăn cản bạn nắm bắt các cơ hội, làm cho sức khỏe bạn suy giảm, sinh bệnh tất, giảm tuổi thọ, thiếu tự tin.”\r\n\r\nCuốn sách như một công cụ lấy lại tinh thần cho những lần bạn bỏ cuộc, lấy lại động lực, tìm lại ước mơ của mình.\r\nĐây là tác phẩm kinh điển về lĩnh vực kinh tế, chính trị và sự vận động phát triển của thế giới trong thế kỷ 21, một thế kỷ của sự bùng nổ chóng mặt về lĩnh vực công nghệ số, xu hướng toàn cầu hóa. Cuốn sách khá dày với hơn 700 trang nhưng nếu bạn là một người đam mê sự nghiên cứu Thế giới và sự vận động của Thế giới thì đây quả là một sự lựa chọn không tồi. ', 'Một trong những cuốn sách gối đầu giường cho các bạn trẻ muốn phát triển bản thân. “13 nguyên tắc nghĩ giàu làm giàu” đã cho ta những bài học quý giá. Cuốn sách là một hành trang vững chắc để chinh phục giấc mơ làm giàu, làm phong phú thêm cuộc sống của bạn trên tất cả các phương diện. Tác phẩm giúp bạn vượt qua chính mình, thoát khỏi những thói quen xấu, xây dựng những nguyên tắc tốt cho bản thân để đi đến con đường thành công, mang đến những giá trị vật chất lẫn tinh thần.\r\n\r\nNghĩ giàu và làm giàu là một định hướng tốt đẹp cho những ai đang loay hoay không biết định hướng cho cuộc đời mình như thế nào. Nhưng suy cho cùng cuộc sống có rất nhiều những khó khăn chỉ cần bạn có niềm tin và dám hành động thì thành công sẽ mỉm cười mà thôi. ', '2021-09-14', 'Đồng Hới', 'imgnew91.jpg', 'imgnew92.jpg', NULL, 'nhung-quyen-sach-ve-lam-giau-nen-doc-truoc-khi-khoi-nghiep'),
(10, 2, 'Yêu lại người cũ giống như đọc lại một quyển sách, đọc bao nhiêu lần đi chăng nữa liệu cái kết có thay đổi?', 'Yêu lại người cũ giống như đọc lại một quyển sách chung quy lại thì “cảm xúc cũng chẳng có gì khác, nhưng hy vọng kết cục sẽ thay đổi”, nghe thì hay nhưng đời thiên biến vạn hóa không biết trước được điều gì. Ắt hẳn ai cũng có một cuốn sách “gối đầu giường” cho riêng mình, nhưng… quan trọng là cuốn sách đó có đáng cho bạn đọc lại một lần nữa hay không thì phụ thuộc rất nhiều vào nội dung của của cuốn sách ấy. Tình yêu cũng như thế, chúng ta có đủ lý trí, trái tim đủ ấm và tình cảm vẫn còn thì quay lại là điều không hề tồi tệ một chút nào. ', 'Bạn luôn nghĩ sẽ không yêu được ai khác: Khi một mối tình đã kết thúc thì điều đầu tiên bạn suy nghĩ đến là không thể yêu thêm một ai nữa. Đơn giản bởi vì vết thương lòng trong bạn quá lớn khi phải chia tay một mối quan hệ mình đã từng yêu thương rất nhiều. Hình bóng của người cũ vẫn còn in sâu trong ký ức của bạn, do đó để dứt bỏ là chuyện vô cùng khó khăn. Cũng có những người mất niềm tin vào tình yêu của chính mình bởi họ sợ bị phản bội hay đau thêm một lần nữa.', 'Hoài niệm về quá khứ: Kỷ niệm là thứ còn sót lại trong một cuộc tình sau khi đã rạn nứt. Chính vì thế nhiều người luôn hoài niệm về nó. Họ cứ quẩn quanh trong mớ hỗn độn đó mà không thoát ra được.\r\n\r\nLý tưởng hóa người yêu cũ: Hầu hết ai cũng sẽ trải qua cảm giác này, bởi khi bắt đầu một mối quan hệ mới sẽ đem ra để so sánh với người yêu cũ và bạn bắt đầu thấy họ chẳng bằng người cũ của bạn. Bạn cho rằng người cũ là tuyệt vời nhất, hoàn hảo nhất do đó không ai có thể thay thế được người ấy. Đặc biệt, thực tế cho thấy rằng, rất nhiều mối quan hệ đến sau đều dựa trên cái bóng của người trước. Từ tính cách, cá tính, con người đều có những điểm tương đồng với người trước, do đó sự so sánh là điều tất yếu.\r\n\r\nLãng mạng hóa mọi thứ về người yêu cũ: Có những người khi yêu luôn đặt trọn trái tim vào mối quan hệ đó. Do đó họ luôn đắm chìm trong sự ngọt ngào, thơ mộng của tình yêu. Dù chia tay nhưng họ vẫn luôn nhớ về những khoảnh khắc đẹp nhất để rồi nhớ nhung và yêu thương người cũ. Đôi khi cũng rất muốn quên người đó nhưng mỗi khi bắt gặp điều gì thuộc về kỷ niệm của hai đứa thì mọi cảm xúc lại ùa về. Chính vì thế nên chẳng thể nào quên được người yêu cũ. ', '2021-09-22', 'Đồng Hới', 'imgnew101.jpg', 'imgnew102.jpg', NULL, 'yeu-lai-nguoi-cu-giong-nhu-doc-lai-mot-quyen-sach-doc-bao-nhieu-lan-di-chang-nua-lieu-cai-ket-co-thay-doi'),
(11, 3, 'Hoang mang về mối tình 6 năm', 'Tôi 30 tuổi, bạn trai 31 tuổi, cả hai đều làm công chức, thu nhập tháng mỗi người khoảng 10 triệu đồng.\n\nChúng tôi quen nhau 6 năm, trong 5 năm đầu anh luôn né tránh, không công khai mối quan hệ, cả hai cũng không đến nhà nhau dù chỉ cách 200 m. Tôi nhiều lần nói muốn cưới nhưng anh đều bảo chưa sẵn sàng. Đến năm nay đột nhiên anh lại muốn cưới, suốt ngày hối thúc, chủ động xuống nhà tôi chào hỏi nhưng gia đình tôi không chấp nhận.', 'Tâm sựThứ tư, 15/9/2021, 19:00 (GMT+7)\r\nHoang mang về mối tình 6 năm\r\nTôi 30 tuổi, bạn trai 31 tuổi, cả hai đều làm công chức, thu nhập tháng mỗi người khoảng 10 triệu đồng.\r\n\r\nChúng tôi quen nhau 6 năm, trong 5 năm đầu anh luôn né tránh, không công khai mối quan hệ, cả hai cũng không đến nhà nhau dù chỉ cách 200 m. Tôi nhiều lần nói muốn cưới nhưng anh đều bảo chưa sẵn sàng. Đến năm nay đột nhiên anh lại muốn cưới, suốt ngày hối thúc, chủ động xuống nhà tôi chào hỏi nhưng gia đình tôi không chấp nhận.\r\n\r\nTrước đây, tôi biết anh ăn chơi, đặc biệt mê gà chọi. Tôi nhiều lần khuyên bảo rồi sau không quan tâm nữa. Dạo này anh nói muốn ổn định, không chơi bời nữa, chỉ xin nuôi vài con gà cho đỡ nhớ. Gia đình tôi không chấp nhận anh vì nhiều nguyên nhân, cũng biết anh từng chơi bời.\r\n\r\nHiện tại tôi rối bời, bỏ thì không được mà cưới lại sợ. Nếu tôi cương quyết cưới thì sẽ mất gia đình đang yên ấm, phải về làm dâu (có ba mẹ, chị chồng, cháu chồng), không biết lựa chọn của mình là đúng hay sai. Nếu sai mà còn nhà ngoại để về thì đỡ, chứ chọn nhầm chồng rồi lại không còn chỗ nương tựa sẽ hối hận cả đời. Bạn bè có đứa nói anh trẻ chơi chán rồi giờ tu chí làm ăn, có đứa kêu bản tính không sửa được. Tôi phải làm sao đây? Xin cho tôi lời khuyên.\r\n\r\n', 'Hiện tại tôi rối bời, bỏ thì không được mà cưới lại sợ. Nếu tôi cương quyết cưới thì sẽ mất gia đình đang yên ấm, phải về làm dâu (có ba mẹ, chị chồng, cháu chồng), không biết lựa chọn của mình là đúng hay sai. Nếu sai mà còn nhà ngoại để về thì đỡ, chứ chọn nhầm chồng rồi lại không còn chỗ nương tựa sẽ hối hận cả đời. Bạn bè có đứa nói anh trẻ chơi chán rồi giờ tu chí làm ăn, có đứa kêu bản tính không sửa được. Tôi phải làm sao đây? Xin cho tôi lời khuyên.', '2021-09-16', 'Đồng Hới', 'imgnew111.png', 'imgnew112.jpg', NULL, 'toi-30-tuoi-ban-trai-31-tuoi-ca-hai-deu-lam-cong-chuc-thu-nhap-thang-moi-nguoi-khoang-10-trieu-dong'),
(12, 3, 'Nghi ngờ người phụ nữ qua lại với tôi có bầu', 'Tôi 28 tuổi, ở tỉnh lẻ lên Sài Gòn lập nghiệp, đang làm cho công ty nước ngoài, thu nhập ổn định.\r\n\r\nTôi đã có bạn gái, em đi học nước ngoài gần hai năm, chúng tôi vẫn liên lạc mỗi ngày qua video. Cách đây một năm, tôi lang thang trên mạng và quen người phụ nữ hơn 10 tuổi, còn độc thân. Chúng tôi nhắn tin mỗi ngày, sau một tháng đã đi cà phê. Chúng tôi đã vượt quá giới hạn, người đó không hỏi về cuộc sống cá nhân của tôi nên tôi cũng không chia sẻ, cứ thế chúng tôi bên nhau gần một năm', 'Gần đây, tôi thấy cô ấy mập lên bất thường, cách đây hai tháng khi chúng tôi gần gũi tôi thấy bụng cô ấy hơi lớn, tôi hỏi thì cô ấy bảo chu kỳ phụ nữ không đều nên tôi cũng chẳng bận tâm nhiều. Tuần trước, trong một lần đi cứu trợ bà con khó khăn vì dịch, tôi kết hợp mang lương thực cho cô ấy, nhìn dáng cô ấy như người mang bầu 5-6 tháng. Tôi hỏi cô ấy cô bảo mặc đồ ở nhà rộng với lại ở nhà phòng chống dịch nên ăn ngủ nhiều bị tăng cân không kiểm soát.', 'Tôi vẫn suy nghĩ về cái bụng cùng dáng người to bất thường của cô ấy, gọi video đòi xem bụng mà bị từ chối. Tôi hỏi có phải mang bầu không nhưng cô ấy không nhận, còn bảo khi thành phố kiểm soát được dịch sẽ chuyển nhà trọ, không muốn gặp tôi nữa vì thấy phiền. Thật sự tôi không biết phải làm như thế nào nếu cô ấy có bầu. Cô ấy không yêu tôi, tôi cũng thế, giữa chúng tôi chỉ như những người cô đơn tìm đến nhau; thế nhưng nếu cô ấy muốn tôi có trách nhiệm với cái thai ấy thì tôi sẽ chu cấp đầy đủ. Đang dịch bệnh tôi không thể sang nhà cô ấy để xác định rõ mối nghi ngờ này, phải làm sao đây?', '2021-09-14', 'Đồng Hới', 'imgnew121.jpg', 'imgnew122.jpg', NULL, 'nghi-ngo-nguoi-phu-nu-qua-lai-voi-toi-co-bau'),
(13, 3, 'Sáng suốt khi ly hôn chồng\r\n', 'Chuyện nhà tác giả gần giống nhà tôi nhưng chồng tôi không thấy hối lỗi mà còn trách ngược lại vợ. Vợ chồng tôi lấy nhau gần 5 năm, anh làm gần nhà tôi và ở trọ. Khi hai vợ chồng muốn mua mảnh đất để xây nhà ở thì ông bà ngoại cho vay hơn nửa, còn lại là của chúng tôi và vay bên nội. Khi sinh con, tôi nhờ bà nội lên chăm giúp để đi làm nhưng bà không lên; ông nội mất lâu rồi, chồng tôi là con một.', 'Bà ngoại thương vợ chồng tôi không có tiền thuê người nên bế cháu giúp. Khi con được 8 tháng, tôi phát hiện anh cặp bồ. Tôi sốc lắm nhưng rồi cũng chọn cách tha thứ. Sau đó anh không đưa tiền cho tôi giữ như trước mà tiền ai nấy tiêu, anh chỉ đóng góp tiền ăn hàng tháng. Vì vẫn nợ tiền ông bà ngoại nên vài tháng tôi lại hỏi chồng có bao nhiêu tiền tiết kiệm để góp vào trả bớt ông bà mà anh đều bảo không có. Cả năm anh chỉ đưa cho tôi tầm 30 triệu đồng để trả nợ. Tôi ở quê, lương vợ chồng cộng lại được 25 triệu, hai người lương gần bằng nhau.\r\n\r\nKhi mang thai bé thứ hai, tôi bảo chồng rằng không thể ở trọ mãi được. Tôi muốn xây nhà mà anh không đồng ý. Sau đó anh cũng xuôi theo tôi vì bố mẹ tôi cho mượn tiền đê xây, vợ chồng không có tiền nên tính xây nhà nhỏ thôi. Được vài tuần thì anh khóc lóc, bảo đang nợ 400 triệu đồng, lúc đó tôi bầu được hơn 5 tháng. Nhìn con lớn và em bé đang trong bụng và cảnh ở trọ mà tôi chán thực sự. Anh hứa lên hứa xuống nên tôi cũng cho cơ hội cuối, nếu anh thay đổi thì coi như tôi vất vả chút cũng không sao. Sinh xong bé thứ hai tôi vẫn biết chồng chơi bời và số nợ ước tính phải gần tỉ đồng.', 'Tôi quyết định ly hôn. Tôi mua lại miếng đất vợ chồng mua hồi trước để mấy mẹ con ở với giá tạm tính là gấp đôi lúc mua 3 năm trước. Chồng đi đâu cũng nói tôi bỏ rơi khi anh cần nhất, vợ chồng phải sướng khổ có nhau mới đúng. Anh còn bảo vợ con chưa phải trả hộ đồng nào để đến nước ly hôn. Tôi không quan tâm, giờ chỉ tập trung kiếm tiền và nuôi con thôi.', '2021-09-08', 'Đồng Hới', 'imgnew131.jpg', 'imgnew132.jfif', NULL, 'sang-suot-khi-ly-hon-chong'),
(14, 3, 'Vợ chồng chênh lệch học vấn liệu có hạnh phúc', 'Em gái tôi cao ráo, mặt mũi cũng được, đang là trưởng phòng tại một công ty luật, rất được sếp trọng dụng, chuẩn bị thi lấy chứng chỉ luật sư.\r\n\r\nGia đình và tôi rất tin tương lai em sẽ có nhiều cơ hội thăng tiến. Bạn trai của em bằng tuổi tôi, cách nhà tôi một nhà. Trước đây, bạn này tán tỉnh mà tôi không thích, sau đó tán sang hai cô bạn cấp hai của tôi cũng không thành. Học đến cấp 3 thì bạn đi xuất khẩu lao động Đài Loan, lái máy xúc. Nhờ tính tình chịu khó nên từ hồi đó tới giờ bạn làm cũng tích góp mua được miếng đất trong xã, còn có vốn khác hay không tôi không rõ. Nhà bạn không ai theo con đường học hành; còn gia đình tôi ngược lại, rất chú trọng chuyện học của con cái. Bạn này ngoại hình bình thường, tính cởi mở, hay được lòng các mẹ, các chị; còn với các bạn nam khác ít chơi hoặc không thích bạn.', 'Em gái tôi từng có người yêu nhưng yêu xa và rồi chia tay. Xong bạn này quay sang tán em tôi, trong khi hồi chưa đi xuất khẩu lao động thì bạn và em chẳng bao giờ nói chuyện. Chủ yếu bạn tán tôi nên mới bắt chuyện với em tôi. Biết được chuyện của bạn và em mình, tôi không thích, tỏ thái độ rõ ràng. Tôi nói em gái kiếm người nào cùng học thức hoặc hơn mình mà yêu. Tôi quan niệm, phụ nữ nên lấy người có thể làm trụ cột gia đình. Giờ bạn chưa về nước, tôi cũng không nghĩ được sau này bạn làm gì để có tương lai tươi sáng. Tôi nghĩ làm gì cũng phải có đầu óc nhạy bén, tính toán, bằng cấp, mối quan hệ; chứ làm việc tay chân suốt đời thì nói làm gì.\r\n\r\nTôi càng tỏ thái độ phản đối thì em gái càng thách thức, em bảo sẽ cưới bạn này rồi về quê làm việc, trong khi chưa biết bạn kia về nước sẽ làm gì. Em gái bảo sướng khổ tự chịu, tôi không phải quan tâm, em lấy cho em chứ không lấy cho tôi nên tôi không cần nói nhiều. Tôi bực lắm vì vợ chồng chênh lệch học thức, môi trường công việc, giao tiếp, xã hội thì mấy ai hạnh phúc.', 'Đó là lựa chọn của em nên tôi chỉ đưa ra lời khuyên, nghe hay không tùy em. Tôi sinh ra ở quê, thấy trẻ em ở đây về điều kiện học hành, phát triển thể chất và tinh thần không được như các em ở thành phố. Tôi luôn muốn những điều tốt đẹp hơn với em và sau này là cháu tôi. Tôi không khinh thường người lao động chân tay, ngược lại rất đồng cảm với họ. Em trai tôi giờ cũng làm lao động chân tay tự do, thế nhưng em biết lấy người cùng hoàn cảnh, cùng học thức. Chuyện của em gái dù thế nào tôi cũng không chấp nhận được. Quan điểm của tôi có gì sai không? Mong các bạn tư vấn giúp tôi.', '2021-09-14', 'Đồng Hới', 'imgnew141.jpg', 'imgnew142.jpg', NULL, 'vo-chong-chenh-lech-hoc-van-lieu-co-hanh-phuc'),
(15, 3, 'Gia đình bạn trai khó hiểu\r\n', 'Tôi là nữ, 26 tuổi, lớn lên tại Mỹ, về Việt Nam được 5 năm. Tôi quen bạn trai được 6 năm khi còn ở Mỹ, lúc đó anh là du học sinh.\r\n\r\nBa tôi người Mỹ gốc Âu, mẹ gốc Việt. Mẹ qua Mỹ lúc 9 tuổi và lớn lên ở đó. Tôi lớn lên tại Mỹ cho đến khi về nước cùng bạn trai, ba mẹ đang ở Mỹ. Bạn trai tôi rất cá tính, quan tâm tới cảm xúc người khác, dạy tôi nhiều về tiếng Việt và văn hóa Việt Nam. Chúng tôi đều có việc ổn định ở hai công ty nước ngoài. Anh sống cùng mẹ và em gái ở căn hộ riêng, là trụ cột chính của gia đình, chăm sóc mẹ đã về hưu và em gái học cấp 3. Tôi ở căn hộ riêng và độc lập tài chính.\r\n\r\nKhi dịch bùng phát, anh bị mất việc, tiền cũng dần cạn kiệt. Cách đây một tháng, anh bất đắc dĩ phải dọn khỏi căn hộ để về quê, lúc đó giãn cách xã hội nên gia đình anh không đi được. Anh đề nghị tôi cho gia đình anh ở cùng vì căn hộ tôi có hai phòng trống, cũng rộng rãi và đầy đủ tiện nghi. Lúc đầu tôi hơi do dự vì không quen ở cùng người khác, rồi nhìn hoàn cảnh hiện tại của anh nên đồng ý.\r\n\r\nHiện tại mỗi ngày tôi làm 12-14 tiếng, vừa làm online cho công ty ở Việt Nam, vừa làm bán thời gian và online cho công ty khác ở Mỹ, rất bận rộn. Anh hứa gia đình anh sẽ không gây ảnh hưởng tới công việc của tôi. Tôi đề nghị gia đình anh tự bỏ tiền mua đồ và nấu ăn riêng; ngoài ra tôi không thu tiền nhà, tiền nước, gas, điện, Internet...\r\n\r\nỞ chung được gần hai tuần, mẹ anh đề nghị tôi nên nấu ăn cho cả nhà. Mẹ anh cho rằng bà lớn tuổi, nấu khó khăn, anh không nên nấu ăn, em gái anh còn nhỏ. Tôi quen nấu ăn cho 1-2 ngày rồi cất trong tủ lạnh, lúc ăn lấy ra hâm nóng. Còn gia đình anh quen bữa nào nấu bữa nấy, mẹ anh yêu cầu tôi như vậy. Thời gian tôi làm việc thất thường, ngoài ra tôi nấu món Tây và có khẩu vị nhạt hơn nhiều người Việt nên sợ gia đình anh không quen. Tôi lịch sự từ chối, nêu ra mấy lý do đó, mẹ anh tỏ vẻ không đồng ý. Anh cũng khuyên tôi nên nấu ăn cho gia đình anh, chứng minh rằng bạn gái anh đảm đang. Tôi đồng ý, sắp xếp thời gian học nấu món Việt. Vài ngày sau, chắc nhà anh không ăn đượ', 'Em gái anh thường mở nhạc lớn, hàng xóm cũng phải phàn nàn, ảnh hưởng cả công việc của tôi (tôi thường phải gọi video). Tôi nói em mở nhạc nhỏ hoặc đeo tai nghe; anh lại kéo tôi về phòng, bảo bỏ qua cho em vì em còn nhỏ nên cần được tự do. Tôi vẫn quyết tâm thuyết phục em anh, tặng em cái máy nghe nhạc. Anh bảo tôi ích kỷ, chỉ lo công việc hơn hạnh phúc của gia đình anh.\r\n\r\nTôi thường nghỉ ngơi sau giờ làm việc online với công ty Việt Nam để tiếp tục làm buổi tối khuya (giờ Việt Nam) với công ty ở Mỹ. Nhiều lúc mẹ anh lựa khoảng thời gian nghỉ ngơi ít ỏi này để rủ tôi gọi video chung với bạn và họ hàng của mẹ anh, có khi kéo dài cả tiếng đồng hồ. Khi quá mệt mỏi, tôi từ chối khéo. Mẹ anh tiếp tục năn nỉ, bảo phải khoe với dòng họ về người bạn gái của con trai bà.', 'Gần đây, tôi chịu không nổi nên chia sẻ với anh. Anh vẫn cho rằng tôi ích kỷ, chỉ biết sống cho riêng mình, không quan tâm đến người khác. Sau đó anh thường xuyên lơ tôi, chỉ trả lời khi cần thiết. Tôi phải làm sao đây?', '2021-09-09', 'Đồng Hới', 'imgnew151.jpg', 'imgnew152.jpg', NULL, 'gia-dinh-ban-trai-kho-hieu'),
(16, 4, 'Chị dâu vừa có thai, bố mẹ tôi mừng rỡ thái quá khiến chị sợ tái mặt', 'Nhà tôi là trưởng họ, anh tôi là cháu trai duy nhất của cả dòng họ. Vì thế, vai trò sinh con đẻ cái có thể nói là rất quan trọng. Oái oăm thay, trước khi cưới, anh ấy lại bị quai bị và dự đoán sẽ ảnh hưởng đến việc sinh sản. Lần đó, gia đình tôi buồn bã, ủ dột suốt cả tháng.\r\n\r\nCưới rồi, ngay đêm tân hôn, mẹ tôi đã gọi chị dâu đến để nói về chuyện sinh con. Bà đặt trước mặt chị dâu một cuốn sổ đỏ. Đó là mảnh đất bà mới mua mấy tháng trước. Mẹ tôi bảo chỉ cần chị dâu sinh con, cuốn sổ đỏ này ngay lập tức sang tên cho chị ấy.\r\n\r\nNhưng gia đình tôi chờ đợi mòn mỏi suốt 4 năm ròng vẫn chẳng có tin vui. Tháng nào mẹ tôi cũng mua một loạt thuốc bổ cho hai vợ chồng chị uống. Rồi bà mua cả lốc que thử thai để sẵn trong nhà, chỉ cần chị dâu tới ngày mà chưa \"rụng dâu\", bà sẽ chủ động bảo chị đi thử que ngay. Việc bị mẹ chồng quan sát từng chút một khiến chị dâu tôi bị áp lực, người gầy ốm hẳn đi.\r\n\r\nĐầu năm nay, tôi sinh con. Gia đình vui hẳn lên vì có sự xuất hiện của con bé. Nhưng bố mẹ tôi vẫn hay thở dài, ao ước có được một đứa cháu nội.', 'Tuần trước, khi dọn cơm ăn, tôi đặt bát mắm cà lên bàn. Chị dâu vừa trông thấy đã ôm bụng nôn thốc nôn tháo. Nhìn cảnh chị ấy gục trong bồn rửa tay, vừa nôn vừa vuốt ngực, cả nhà tôi đều sững sờ. Bố mẹ tôi mừng còn hơn bắt được vàng. Mấy tháng nay, vì bận chăm tôi và chăm cháu ngoại, mẹ tôi bỏ quên hẳn chuyện canh ngày và ép con dâu thử thai. Chị dâu lại ỷ lại vào mẹ chồng nên chẳng để tâm đến. Thế là chị ấy có thai hồi nào, chính chị ấy cũng không hề biết.', 'Bây giờ, bố mẹ tôi xem chị dâu như \"bà hoàng\" trong nhà, bắt ép chị ấy nghỉ việc ngay lập tức. Chị ấy chẳng phải làm gì cả, chỉ nằm trên giường dưỡng thai. Anh tôi cũng thế, rất chiều chuộng vợ. Nhưng chị dâu lại không vui. Chị ấy muốn được đi làm, muốn giống mọi người chứ không phải chỉ nằm dài trong phòng thế này. Chị ấy còn rất sợ cảnh ở cữ, chăm con khi mà bố mẹ tôi can thiệp quá sâu vào mọi chuyện. Tôi cũng hiểu tâm trạng chị ấy. Phải làm sao để bố mẹ tôi đừng ép chị dâu nghỉ việc đây?', '2021-09-16', 'Đồng Hới', 'imgnew161.jpg', 'imgnew162.jpg', NULL, 'chi-dau-vua-co-thai-bo-me-toi-mung-ro-thai-qua-khien-chi-so-tai-mat'),
(17, 4, 'Vợ chồng đang cãi nhau, mẹ vợ bỗng cầm chổi chạy ra bênh con gái một câu khiến tôi chết lặng tại chỗ', 'Vì nhà không có đất đai, lại đông anh em nên sau khi lấy vợ, tôi quyết định đến nhà vợ ở rể. Tôi định ở rể vài năm thôi, khi nào có đủ tiền thì mua đất, xây nhà riêng cho thoải mái.\r\n\r\nBố mẹ vợ, suy cho cùng, cũng không phải cha mẹ đẻ, không phải ở nhà mình nên tôi cũng không được tự nhiên. Đã thế, vợ tôi còn ỷ lại vào gia đình cô ấy nên xem chồng chẳng ra gì. Chỉ cần tôi nói gì không vừa ý, cô ấy sẽ lớn giọng mắng chửi chồng. Hay chiều đi làm về, tôi sẽ phải nấu ăn, dọn dẹp còn vợ nằm dài xem phim hoặc tán gẫu với bạn bè. Nhiều khi thấy cảnh cả nhà vợ nói thì thầm gì đó với nhau, không muốn cho mình nghe, tôi cũng chạnh lòng. Bố mẹ vợ dù không ghét bỏ nhưng cũng không xem tôi như người trong nhà.\r\n\r\nHàng tháng, tôi đều đưa hết lương cho vợ, còn dặn dò cô ấy phải tiết kiệm để ra ở riêng. Vợ tôi gật đầu, vâng dạ, còn lên kế hoạch cho việc xây nhà vào 3 năm nữa.', 'Tháng này tôi làm tăng ca liên tục, vượt KPI nên được thưởng nóng. Tôi còn nhận việc làm thêm bên ngoài suốt mấy tháng nay và vừa giao tài liệu nên nhận được hơn 50 triệu nữa. Tôi mừng rỡ đem tổng số tiền lương, thưởng, làm thêm gần 100 triệu về đưa vợ. Tôi hỏi cô ấy tiền tiết kiệm hơn một năm nay được bao nhiêu, nếu được tầm 300 triệu, tôi sẽ vay thêm để mua đất.', 'Thế mà vợ tôi nói chỉ tiết kiệm được 50 triệu thôi. Trong khi mỗi tháng, tôi đưa cô ấy 20 triệu. Lương cô ấy cũng tầm 8 triệu. Chưa kể thưởng Tết, thưởng quý, tôi đều đưa cho cô ấy hết. Chúng tôi đưa cho bố mẹ vợ 7 triệu để chi tiêu. Dù cho vợ tôi tiêu xài quá tay thì cũng không thể chỉ tiết kiệm được 50 triệu.\r\n\r\nTôi bực mình bảo vợ nói rõ ràng về các khoản tiền chi tiêu trong tháng. Cô ấy nói vốn dĩ đã tiết kiệm được 280 triệu nhưng đã đưa cho anh vợ 230 triệu để mua đất.\r\n\r\nTôi giận run người. Đó là tiền tôi vất vả kiếm được, giờ lại rơi vào tay anh vợ. Quá giận, tôi tranh cãi, mắng vợ. Cô ấy cũng chẳng vừa khi chửi lại tôi, lấy việc tôi ở rể để đay nghiến.\r\n\r\nVợ chồng đang cãi nhau thì mẹ vợ tôi cầm chổi chạy ra, đánh thẳng lên đầu tôi. Bà ấy hét lớn: \"Biến khỏi nhà tao. Đã ở nhờ mà còn dám mắng con gái tao\". Tôi sững sờ tại chỗ.\r\n\r\nNgay hôm đó, tôi bỏ về nhà mình và đang có ý định ly hôn. Nhưng vợ tôi đang mang bầu, tôi cũng đắn đo. Vả lại, tôi muốn đòi sòng phẳng số tiền kia. Giờ làm cách nào để anh vợ chủ động trả 230 triệu cho tôi đây?', '2021-09-01', 'Đồng Hới', 'imgnew171.png', 'imgnew172.jpg', NULL, 'vo-chong-dang-cai-nhau-me-vo-bong-cam-choi-chay-ra-benh-con-gai-mot-cau-khien-toi-chet-lang-tai-cho'),
(18, 4, 'Mẹ vợ sắp lên ở nhờ, vợ đột nhiên thấy trong nhà thiếu vài món đồ,', 'Khi kết hôn, mỗi người đều có thêm gia đình mới, vợ chồng sẽ cùng nhau chăm sóc và phụng dưỡng cha mẹ hai bên. Làm được điều đó, bạn mới khiến người bạn đời trân trọng và cảm kích.\r\n\r\nNgười đàn ông “lấy vợ nhưng không lấy nhà vợ”\r\n\r\nOanh (31 tuổi) chia sẻ cô và Dũng kết hôn đến nay tròn 4 năm, con trai cô đã lên 3 tuổi. “Gia đình tôi không có điều kiện bằng nhà chồng. Sau đám cưới ít lâu, bố mẹ chồng cho chúng tôi 70% tiền mua nhà, còn lại 30% vợ chồng tự tích góp trả”, Oanh kể.\r\n\r\nBố mẹ Oanh dưới quê chỉ làm nông lại thường xuyên đau yếu nên ông bà không có tiền tiết kiệm. Ngày vợ chồng cô tổ chức tân gia, mẹ Oanh cho con gái 10 triệu nhưng cô nhất quyết không lấy.\r\n\r\nCũng vì chuyện tiền nong mà Dũng luôn tỏ ra bất mãn với Oanh và bố mẹ vợ. Quê ngoại có công chuyện Dũng đều không về, Oanh trách móc thì anh phán “xanh rờn”: “Thuyền theo lái, gái theo chồng. Đàn ông chúng tôi lấy vợ chứ ai lấy cả nhà vợ! Tôi cho phép cô về đã là tốt lắm rồi!”. Vậy là sau 4 năm kết hôn, ngoài ngày đón dâu thì Dũng về quê ngoại được duy nhất một lần.\r\n\r\nMỗi lần mẹ Oanh gọi điện lên cho con cháu, Dũng lại hỏi: “Bà không xin gì chứ?”. Bao phen Oanh phải tức nghẹn, nhấn mạnh với chồng bằng bố mẹ cô nghèo nhưng không bao giờ nghĩ dựa dẫm vào các con khi còn sức khỏe. Hơn nữa Oanh cũng đi làm độc lập kinh tế, cô có gửi tiền biếu mẹ cũng là điều bình thường.', 'Hàng tháng đưa tiền chi tiêu cho vợ, Dũng luôn bắt Oanh phải ghi chép và báo cáo đầy đủ, sợ cô ăn bớt gửi về cho bố mẹ. Trong khi Dũng chỉ góp 50% chi phí, Dũng bảo anh đã mua nhà rồi. 30% tiền mua nhà là của vợ chồng Oanh bỏ ra, có một nửa của cô nhưng nhà chỉ đứng tên một mình Dũng. Oanh vẫn chấp nhận vì không muốn đôi co tranh cãi nhiều.\r\n\r\n“Tính ra chồng tôi chưa hề bị thiệt thòi hay biếu được bố mẹ vợ đồng nào. Biết tính chồng nên công việc bên nhà ngoại tôi đều tự bỏ tiền ra, không bao giờ nói với chồng về chuyện tiền bạc. Chẳng hiểu anh ta căn cứ vào đâu để lo sợ bị bố mẹ vợ xin tiền”, Oanh nói.\r\n\r\nMẹ vợ lên chơi và hành động đáng giận của con rể\r\n\r\nThời gian ấy, bố Oanh đi khám ở bệnh viện tuyến tỉnh phát hiện bị bệnh cần phẫu thuật. Sau đó ít lâu Oanh quyết định đưa bố lên Hà Nội điều trị. “Bố điều trị trong bệnh viện, tôi và mẹ thay nhau chăm ông, kế hoạch là mẹ sẽ về nhà tôi nghỉ ngơi”, Oanh chia sẻ.\r\n\r\nTrước ngày bố mẹ cô lên thành phố một hôm, đi làm về Oanh thấy nhà cửa có chút khác lạ, cảm giác trống vắng hơn mọi ngày. Cô phát hiện gần chục chai rượu đắt tiền trong tủ không thấy đâu. Cô lấy làm lạ, vào phòng làm việc tìm chồng, vừa mở cửa ra thì phải chết sững.', 'Oanh chết lặng không thể tưởng tượng được Dũng lại sợ mẹ cô trộm tiền và đồ của con rể! Cô gằn giọng chất vấn anh rằng từ trước đến nay bố mẹ và bản thân cô đã làm gì để anh phải có ý nghĩ đó. “Ông bà không làm gì cả nhưng bây giờ họ đang túng thiếu, ông ngoại thì đang bệnh, biết đâu được…”, Dũng bỏ lửng câu nói, thể hiện sự coi thường và thiếu tôn trọng bố mẹ vợ đến cực điểm.\r\n\r\nKhi trước yêu nhau, thấy Dũng là người đàn ông chăm chỉ làm việc, biết tích góp và vun vén nên cô khá hài lòng. Oanh không thể ngờ anh lại là con người tính toán, ích kỷ tới nhường này.\r\n\r\n“Bố mẹ tôi đâu làm gì sai trái, không đáng phải chịu sự đối xử tệ hại từ con rể. Và tôi cũng không bao giờ sống tiếp với một người đàn ông cư xử như thế với bố mẹ vợ, ông bà ngoại của con mình!”, Oanh cho hay.', '2021-09-07', 'Đồng Hới', 'imgnew181.jpg', 'imgnew182.jfif', NULL, 'me-vo-sap-len-o-nho-vo-dot-nhien-thay-trong-nha-thieu-vai-mon-do-');
INSERT INTO `news` (`IdNew`, `IdCateNews`, `Title`, `Section1`, `Section2`, `Section3`, `Date`, `Location`, `ImgNew1`, `ImgNew2`, `specialNew`, `slug`) VALUES
(19, 4, 'Con gái rủ mẹ đi tuần trăng mật cho vui, nào ngờ mẹ nhân cơ hội yêu đương luôn con rể', 'Có những nỗi đau khủng khiếp mà phải nhiều năm sau, khi đã hoàn toàn vượt qua, có cuộc sống mới ổn định rồi người ta mới có can đảm để kể lại, mà câu chuyện dưới đây là 1 trong số đó.\r\n\r\nSau đám cưới, con gái mời mẹ đi nghỉ tuần trăng mật cùng với mình, nào ngờ mở đầu cho chuỗi bi kịch\r\nVào năm 2004, chị Lauren Wall, tới từ Twickenham, Tây Nam London, Anh khi đó mới 19 tuổi đã kết hôn với chồng là anh Paul, khi đó mới 20 tuổi sau khi có 1 bé gái. Vì còn quá trẻ và chưa tự chủ được về kinh tế nên đám cưới của Lauren và Paul đã được đài thọ hoàn toàn bởi mẹ của cô dâu là bà Julie, năm đó mới 38 tuổi.\r\n\r\nĐược biết, chi phí để tổ chức đám cưới là 15.000 bảng Anh (hiện giờ tương đương khoảng 470 triệu VNĐ) - 1 số tiền khá lớn nên chị Lauren đã vô cùng biết ơn mẹ và thậm chí mời cả mẹ đi cùng trong tuần trăng mật kéo dài 2 tuần của mình với chồng ở Devon.', 'Thế nhưng, chẳng ai ngờ quyết định đó của chị lại mở ra 1 bi kịch cho chính bản thân chị. Chồng của chị đã lén lút quan hệ với mẹ vợ.\r\n\r\n\"Paul luôn rất hòa hợp với mẹ tôi. Tôi chẳng bao giờ nghĩ điều đó có gì kỳ lạ, vì đó là mẹ vợ của anh ấy, và anh ấy chỉ cư xử thân thiện mà thôi\", Lauren nhớ lại.\r\n\r\nThế rồi, 8 tuần sau kỳ trăng mật, Paul đã dọn ra khỏi nhà và 9 tháng sau, Lauren choáng váng khi mẹ cô, bà Julie đã sinh ra 1 đứa trẻ là con của Paul và tuyên bố giờ họ đã là 1 đôi. Rõ ràng là họ đã quan hệ tình dục nhiều lần với nhau.\r\n\r\n\"Họ rất hay cười cùng nhau. Nhưng tôi chẳng thấy lo lắng gì. Ai mà lại lo lắng cơ chứ? Tôi rất háo hức bước vào cuộc sống hôn nhân, nhưng khi mực trên tờ đăng ký kết hôn của chúng tôi còn chưa kịp khô thì Paul đã thay đổi.\r\n\r\nVài tháng sau đám cưới, vợ sốc nặng khi chồng chuyển ra khỏi nhà, chính thức sống chung với mẹ vợ\r\nTheo Lauren, chồng cô luôn kè kè điện thoại bên mình và không cho ai động vào nó. Bốn tuần sau đám cưới, chị gái của Lauren sử dụng điện thoại của mẹ và phát hiện ra những tin nhắn giữa bà Julie và Paul. Nhưng sau đó, bà Julie đã phủ nhận mọi chuyện và hét lên: \"Các con điên rồi\".\r\n\r\n\"Khi tôi chất vấn Paul, mặt anh ta trắng bệch. Rồi anh ta từ chối cho tôi xem điện thoại của anh ta\", Lauren chia sẻ.\r\n\r\nNhưng chỉ vài ngày sau, Paul đã tháo nhẫn cưới, chuyển ra khỏi nhà, bỏ lại người vợ mới cưới là Lauren cùng đứa con gái mới 7 tháng tuổi của họ.', '\"Thật đáng kinh tởm. Đó là điều tệ hại nhất 1 bà mẹ có thể làm với con gái của mình. Paul có thể là 1 chú rể tồi, nhưng đó là mẹ của tôi. Bà ấy lẽ ra phải yêu thương và bảo vệ tôi hơn những người khác chứ\", Lauren bàng hoàng kể lại.\r\n\r\nKhi gặp bà Julie với cái bụng lù lù trên phố, Lauren đã hỏi mẹ rằng có chuyện gì vậy, thì bà Julie gạt đi và nói: \"Chỉ là u nang thôi\". Điều này khiến Lauren cảm thấy ghê tởm người đã sinh ra mình. Về nhà, cô đã đốt hết ảnh cưới của cô và Paul.', '2021-09-14', 'Đồng Hới', 'imgnew191.jpg', 'imgnew192.jpg', NULL, 'con-gai-ru-me-di-tuan-trang-mat-cho-vui-nao-ngo-me-nhan-co-hoi-yeu-duong-luon-con-re'),
(20, 4, 'Khi tôi kết hôn, bố nói rằng sớm muộn gì hai đứa cũng sẽ ly hôn, ', 'Ngay từ thời học cấp 3 tôi đã đem lòng yêu say đắm chồng - anh là bạn học của tôi. Chúng tôi ở cùng khu phố, anh sinh ra trong gia đình giàu có, nổi tiếng nghịch ngợm trong lớp nhưng diện mạo đẹp trai, mồm mép. Không hiểu sao tôi lúc nào cũng có hình ảnh anh trong lòng, đi cả vào giấc mơ. Đến khi vào đại học, dù có nhiều người tán tỉnh nhưng tôi cũng chỉ mơ mộng với tình cảm thời học trò. Đương nhiên, đó chỉ là một phía từ tôi, chứ anh không hề hay biết. Vì học cùng lớp nên tôi biết, anh cũng đỗ vào một trường đại học ở thành phố, tuy nhiên, chúng tôi không có điều kiện gặp nhau.\r\n\r\nRồi trong một lần họp lớp, gồm những người đỗ đại học đang sống ở thành phố. Khi đó, chúng tôi gặp lại nhau, hai đứa ngồi cùng bàn ăn uống, tôi lại thấy tình cảm trong mình trỗi dậy. Tôi có cảm giác anh giờ chững chạc, điềm đạm chứ không như thời đi học. Điều này càng khiến tôi yêu anh nhiều hơn. Chúng tôi trao đổi số điện thoại và Facebook, một thời gian sau đó, tôi liên tục chủ động nhắn tin hỏi han.\r\n\r\nMọi chuyện xảy ra như đúng ý tôi, anh cũng bắt đầu quan tâm để ý tôi nhiều hơn. Hai đứa ở cách xa nhau cả chục cây số nhưng anh bắt đầu đến nhà tôi mỗi chiều thứ 7. Thế là chúng tôi yêu nhau say đắm, tôi mãn nguyện vì tình cảm bao năm nay đã được đền đáp. Bạn bè cùng lớp khi biết chúng tôi là một cặp thì bất ngờ và chúc cho chúng tôi có kết thúc tốt đẹp. Vì hai đứa cùng quê, nên mỗi dịp lễ Tết, chúng tôi lại cùng nhau về thăm nhà. Tôi nghĩ bụng, đúng là không có gì bằng việc sau này lấy chồng gần nhà, cùng quê.\r\n\r\nSuốt mấy năm học đại học, chúng tôi hứa hẹn sẽ cố gắng học, cùng nhau ra trường kiếm việc lập nghiệp ở thành phố. Nói chung, tôi cũng thấy anh có quyết tâm và xác định đám cưới với tôi chứ không phải yêu chơi bời. Ngay sau khi ra trường, anh đưa tôi về ra mắt bố mẹ. Mẹ anh nói rằng: \"Tốt quá, hai đứa là bạn học nên hiểu nhau, rồi nhà cũng gần đây biết hoàn cảnh của nhau rồi, không có gì phải lo lắng cả\". ', 'Còn khi đưa anh về ra mắt bố tôi, ông một mực phản đối. Vốn dĩ tôi mồ côi mẹ từ nhỏ, bố một mình nuôi tôi khôn lớn và có mỗi mình tôi thôi, nên ông lựa chọn con rể rất kĩ càng. Một hôm, bố nói rõ với tôi rằng: \"Bố thấy bạn trai con có điều gì đó không ổn, theo cảm nhận của bố, hai đứa mà lấy nhau sớm muộn gì cũng chia tay. Con cân nhắn chuyện trăm năm của mình, đừng để sau này phải hối hận\".\r\n\r\nKhi đó, tôi nghĩ lời nói của bố chỉ là cẩn thận quá, với lại tôi đang say đắm với tình yêu của mình nên bỏ ngoài tai mọi lời cảnh báo của bố. Rồi một thời gian sau, bố cũng chiều theo ý tôi, tổ chức đám cưới nhưng bố bắt tôi hứa rằng, không được có con ngay mà phải đợi ít nhất hai năm. Tôi cũng đồng ý với yêu cầu của bố. Cưới xong, bố mẹ chồng mua cho chúng tôi căn nhà ở thành phố để tiện đi làm. Tôi thấy mình thật may mắn vì cưới được người chồng đúng ý, lại không phải lo về kinh tế.', 'Nhưng chỉ 6 tháng sau khi về chung một nhà, chồng bỗng dưng trở thành con người khác. Khi công việc không suôn sẻ, anh lại về nhà \"đá thúng đụng nia\" khiến tôi rất sợ hãi. Chuyện chăn gối thì anh ngày càng nhạt nhẽo, chẳng để ý đến cảm giác của tôi. Điều làm tôi buồn khổ và không thể tha thứ đó là tôi thấy anh ham chơi, nhiều người con gái gọi điện, thậm chí là vào tối muộn. Khi tôi hỏi thì anh nói: \"Chuyện làm ăn của anh, em đừng can thiệp vào và đừng bao giờ hỏi những câu làm người khác khó chịu nữa\".\r\n\r\nTôi ngày càng có cảm giác như là người thừa ở trong nhà và sống chẳng khác gì một cái bóng bên anh. Đến khi được một năm, tôi không thể chịu đựng được thì đâm đơn ly hôn, không ngờ anh cũng vui vẻ kí. Chúng tôi cũng chưa có con nên mọi việc giải quyết êm đẹp. Anh còn thừa nhận: \"Anh thực sự không yêu em, mà chẳng qua bị em thả thính thì anh mắc bẫy tình cảm thôi\". Nghe anh nói, tôi đau khổ tột cùng, tình cảm bấy lâu bỗng tan thành mây khói.', '2021-09-13', 'Đồng Hới', 'imgnew201.jpg', 'imgnew202.png', NULL, 'khi-toi-ket-hon-bo-noi-rang-som-muon-gi-hai-dua-cung-se-ly-hon-'),
(21, 5, 'Hà Nội cho mở lại một số dịch vụ tại một số địa bàn', 'Chủ tịch UBND TP.Hà Nội Chu Ngọc Anh đã ban hành văn bản cho phép mở lại một số dịch vụ tại một số địa bàn không có ca nhiễm COVID-19 trong cộng đồng.\r\nChủ tịch UBND TP.Hà Nội Chu Ngọc Anh vừa ký văn bản số 3084/UBND-KGVX, cho phép mở lại một số dịch vụ, điều chỉnh một số biện pháp phòng chống dịch COVID-19 trên địa bàn thành phố.\r\n\r\n﻿Tiếp tục thực hiện nghiêm Chỉ thị số 20/CT-UBND\r\n\r\nUBND thành phố đề nghị giám đốc, thủ trưởng các sở, ban, ngành thành phố, các bí thư quận, huyện, thị ủy và chủ tịch UBND các quận, huyện, thị xã thực hiện một số nội dung.\r\n\r\nTrong đó, tiếp tục thực hiện nghiêm Chỉ thị số 20/CT-UBND ngày 3.9.2021 của Chủ tịch UBND thành phố Hà Nội. Đồng thời đánh giá, phân loại các vùng theo mức độ nguy cơ và có biện pháp phù hợp với từng vùng để bảo vệ vững chắc \"vùng xanh\", \"xanh hóa vùng vàng\", \"thu hẹp vùng đỏ\"; rà soát các khu vực phong tỏa để thu hẹp quy mô, đảm bảo thực hiện nghiêm, thực chất việc cách ly y tế trên địa bàn.', 'Các địa phương cũng duy trì hoạt động các \"pháo đài\" chống dịch tại từng phường, xã, thị trấn, lấy người dân là \"chiến sĩ\" là trung tâm phục vụ, là chủ thể phòng chống dịch với sự vào cuộc đồng bộ, quyết liệt của toàn bộ hệ thống chính trị và người dân trên địa bàn. Chủ động triển khai kế hoạch, phương án tổ chức các trạm y tế lưu động tại các xã, phường, thị trấn để sẵn sàng đáp ứng và đảm bảo tiếp cận y tế của người dân từ sớm, từ xa và ngay từ cơ sở.\r\n\r\nHà Nội lưu ý tránh 2 khuynh hướng: lơ là, chủ quan, mất cảnh giác, say sưa với kết quả ban đầu sau thời gian dài thực hiện phòng, chống dịch; nóng vội, chưa chuẩn bị tốt, chưa an toàn đã nới lỏng các biện pháp phòng, chống dịch.\r\n\r\nMở một số cơ sở kinh doanh tại một số địa phương \r\n\r\n﻿Văn bản 3084 cho phép: từ 12 giờ ngày 16.9.2021 đối với các địa bàn các quận, huyện, thị xã chưa ghi nhận ca nhiễm trong cộng đồng (từ thời điểm thực hiện Chỉ thị số 20/CT-UBND ngày 3.9.2021 của Chủ tịch UBND thành phố) được hoạt động một số dịch vụ cụ thể:', '- Cơ sở kinh doanh văn phòng phẩm, sách, thiết bị, đồ dùng học tập.\r\n\r\n- Cơ sở kinh doanh dịch vụ sửa chữa phương tiện giao thông, điện tử, điện lạnh và đồ gia dụng.\r\n\r\n- Cơ sở kinh doanh dịch vụ ăn, uống (chỉ bán mang về) và đóng cửa trước 21 giờ hàng ngày.\r\n\r\nThành phố cũng yêu cầu đối với các cơ sở kinh doanh, dịch vụ hoạt động theo sự quản lý, giám sát, kiểm tra của chính quyền địa phương. Thực hiện đầy đủ các biện pháp phòng chống dịch theo quy định, yêu cầu khai báo y tế bắt buộc với nhân viên, thực hiện 5K; quét mã QR bắt buộc với khách đến mua hàng, thường xuyên vệ sinh, khử khuẩn tại cơ sở; hạn chế tối đa tiếp xúc trực tiếp. Chủ các cơ sở kinh doanh, dịch vụ phải cam kết và chịu trách nhiệm thực hiện nghiêm các biện pháp phòng chống dịch COVID-19 theo quy định.', '2021-09-13', 'Đồng hới', 'imgnew211.jpg', 'imgnew212.jpg', NULL, 'ha-noi-cho-mo-lai-mot-so-dich-vu-tai-mot-so-dia-ban'),
(22, 5, 'Không thể xoá sổ COVID-19, Mỹ sẽ sống chung với vi rút như thế nào?', 'Làn sóng COVID-19 mới nhất ở Mỹ do biến thể Delta gây ra có thể sớm đạt đỉnh nhưng các chuyên gia cảnh báo rằng nước này không nên tự mãn và hy vọng rằng con người có thể sống chung được với vi rút trong nhiều năm tới.\r\nSố ca mắc COVID-19 trung bình hàng ngày trong một tuần qua tại Mỹ tính đến ngày 13.9 là 172.000, với các ca bệnh đang giảm dần ở hầu hết các bang, theo dữ liệu được tổng hợp bởi Covid Now. Song, Mỹ có hơn 1.800 ca tử vong do COVID-19 mỗi ngày và hơn 100.000 người vẫn phải nhập viện vì những triệu chứng nghiêm trọng của bệnh này. Đây là một lời nhắc nhở đầy nghiệt ngã về những thách thức mà chính quyền phải đối mặt với việc tiêm vắc xin đầy đủ cho người dân Mỹ trong bối cảnh gia tăng thông tin sai lệch và những chia rẽ trong chính trị.\r\n\r\nBhakti Hansoti, Phó giáo sư về y học cấp cứu tại Đại học John Hopkins và chuyên gia về chăm sóc nguy kịch COVID-19, nói với AFP rằng bà thấy Mỹ đang đi theo quỹ đạo tương tự như Ấn Độ.\r\n\r\n', 'Các quốc gia ở Tây Âu cũng đã chứng kiến sự suy giảm tương tự sau những đợt bùng phát dịch khủng khiếp. Ngay cả khi cho rằng làn sóng COVID-19 lần này kết thúc vào mùa xuân thì bà Bhakti Hansoti vẫn còn một chút do dự.\r\n\r\nSự xuất hiện có thể có của các biến thể SARS-CoV--2 mới đáng quan tâm và thời tiết bắt đầu lạnh dần tạo nhiều cơ hội dẫn đến sự bùng phát dịch trở lại.\r\n\r\nAngela Rasmussen, nhà vi rút học tại Đại học Saskatchewan ở Canada, nói rằng bà không chắc làn sóng COVID-19 thứ 4 đã kết thúc. “Nếu nhìn vào làn sóng dịch bệnh vào mùa thu – đông, bạn sẽ thấy những giai đoạn có số ca mắc COVID-19 gia tăng theo cấp số nhân và sau đó lại hạ như thể đã giảm xuống nhưng rồi sẽ có một đợt tăng mạnh trở lại”, Angela Rasmussen nhận định.\r\n\r\nĐể đảm bảo các ca mắc COVID-19 giảm xuống được duy trì, việc tăng nhanh số lượng người tiêm vắc xin là vô cùng quan trọng. Hiện có 63,1% dân số trên 12 tuổi tại Mỹ đã được tiêm vắc xin, tương đương với 54% tổng dân số.\r\n\r\nĐiều này khiến Mỹ đứng sau các nước như Bồ Đào Nha và UAE (với 81% và 79% dân số được tiêm 2 liều) về tỷ lệ tiêm chủng cho dù có rất nhiều vắc xin.\r\n\r\nChính quyền Tổng thống Joe Biden tuần trước đã công bố một số biện pháp mới nhằm tăng cường chiến dịch tiêm chủng, bao gồm cả yêu cầu bắt buộc tiêm vắc xin ở các công ty trên 100 nhân viên, nhưng những tác động này vẫn chưa thực sự rõ ràng.', 'Thomas Tsai, bác sĩ phẫu thuật và nhà nghiên cứu chính sách y tế tại Harvard, nói các điểm nóng COVID-19 phải cần được theo dõi chặt chẽ, đồng thời cho rằng Mỹ cũng nên xem xét các quốc gia đã áp dụng thử nghiệm xét nghiệm nhanh rộng rãi cho các trường học và doanh nghiệp.\r\nCác xét nghiệm như vậy có sẵn miễn phí với chi phí rất nhỏ ở Đức, Anh và Canada nhưng vẫn rơi vào khoảng 25 USD tại Mỹ, bất chấp những nỗ lực của chính quyền Biden nhằm giảm chi phí thông qua một thoả thuận với các nhà bán lẻ.', '2021-09-22', 'Đồng Hới', 'imgnew221.jpg', 'imgnew222.jpg', NULL, 'khong-the-xoa-so-covid-19-my-se-song-chung-voi-vi-rut-nhu-the-nao'),
(23, 5, 'TP.HCM có 5 quận huyện đạt trên 30% số người tiêm mũi 2 vắc xin phòng COVID-19', 'Đến thời điểm này, hầu hết các quận huyện đã cơ bản bao phủ vắc xin phòng COVID-19 mũi 1 cho người dân, đang tiến hành tiêm vét mũi 1 cho tất cả các trường hợp từ 18 tuổi trở lên, không phân biệt tạm trú hay thường trú.\r\nTrưa 15.9, Trung tâm Kiểm soát bệnh tật TP.HCM cho hay, trong ngày 14.9, TP đã tiêm thêm được 159.990 người. Công tác tổ chức tại các điểm tiêm đều trật tự, ổn định, tuân thủ 5K. Như vậy tính đến hết ngày 14.9, TP đã tiêm được tổng cộng 8.316.763 mũi, trong đó có 6.624.241 mũi 1 và 1.692.522 mũi 2. Riêng vắc xin Vero Cell đã tiêm cho 2.166.174 người.', 'Các quận huyện đã cơ bản bao phủ được vắc xin mũi 1 cho người dân, trong đó có nhiều quận huyện đã đạt 100% người dân tiêm mũi 1 như: quận 11, huyện Củ Chi, TP.Thủ Đức, quận Phú Nhuận… Hiện các địa phương đang tăng cường tổ chức tiêm vét các trường hợp chưa tiêm mũi 1 trong ngày hôm nay (15.9) với tất cả các trường hợp trên 18 tuổi không phân biệt thường trú, tạm trú.\r\n\r\nĐến thời điểm này, đã có 5 quận huyện (gồm quận 10, quận 11, quận 7, huyện Củ Chi và huyện Cần Giờ) có số người tiêm vắc xin phòng COVID-19 mũi 2 đạt từ 30% trở lên. Trong đó, cao nhất là huyện Cần Giờ đạt 37%, kế đến là quận 11 đạt 36%, quận 10 đạt 34%, huyện Củ Chi đạt 32% và quận 7 đạt 30%.\r\n\r\nVề công tác phòng chống dịch COVID-19, Trung tâm Kiểm soát bệnh tật TP cho biết trong ngày 14.9 TP có thêm 6.312 ca mắc COVID-19, trong đó cao nhất là quận Tân Phú: 827 ca, kế đến quận Tân Bình: 669 ca, quận 12: 607 ca, huyện Nhà Bè: 469 ca, quận Phú Nhuận: 447 ca… Như vậy, tính đến 6 giờ ngày 15.9, TP có 310.322 trường hợp mắc COVID-19 được Bộ Y tế công bố, trong đó 309.846 trường hợp nhiễm trong cộng đồng, 476 trường hợp nhập cảnh.\r\n\r\nTrong ngày 14.9 có 3.100 bệnh nhân xuất viện, nâng tổng số bệnh nhân xuất viện từ đầu năm 2021 đến này là 155.994 bệnh nhân. Cũng trong ngày 14.9, TP có 199 bệnh nhân mắc COVID-19 tử vong. TP đang điều trị 39.608 bệnh nhân, trong đó có 2.880 trẻ em dưới 16 tuổi, 2.576 bệnh nhân nặng đang thở máy và 23 bệnh nhân phải can thiệp ECMO.\r\n\r\nNhư vậy, số bệnh nhân mắc COVID-19 trong những ngày qua chưa có dấu hiệu giảm. Số ca mắc COVID-19 giảm rồi lại tăng nằm ở mức dao động từ 5.000 - 6.000 ca; đặc biệt số bệnh nhân nặng vẫn ở mức dao động từ 2.500 - 2.800 ca.', 'Trước đó, TP.HCM đã thống nhất bắt đầu từ ngày mai (16.9), các shipper tại TP sẽ được chạy liên quận huyện, với điều kiện đảm bảo an toàn phòng chống dịch và tiếp tục được hỗ trợ xét nghiệm miễn phí đến ngày 30.9. Thành phố cũng đang nghiên cứu áp dụng ứng dụng duy nhất để người dân tự khai báo, tự cập nhật dữ liệu vắc xin và di chuyển mà không cần phải xin và trình giấy đi đường. TP cũng thẩm định lại kế hoạch cho người dân đi chợ 1 lần/tuần ở vùng xanh nhằm giảm lệ thuộc vào shipper và giảm chi phí tiêu dùng cho bà con.\r\n\r\nSau đợt hỗ trợ 1 và 2, TP sẽ tiếp tục hỗ trợ đợt 3 cho người dân sau ngày 15.9 gồm: người lao động mất việc, không có thu nhập, gặp khó khăn (không phân biệt người có hộ khẩu thường trú, tạm trú, lưu trú) đang có mặt trên địa bàn phường, xã, thị trấn. Đồng thời cân nhắc xem xét hỗ trợ cho người già, trẻ em, cha, mẹ, vợ, chồng, con (ở nhà nội trợ hoặc không có khả năng làm việc, sống phụ thuộc) của người lao động bị mất việc đang có mặt tại địa bàn ở thời điểm khảo sát, lập danh sách.', '2021-09-07', 'Đồng Hới', 'imgnew231.jpg', 'imgnew232.jpg', NULL, 'tp-hcm-co-5-quan-huyen-dat-tren-30-phan-tram-so-nguoi-tiem-mui-2-vac-xin-phong-covid-19'),
(24, 5, 'TP.HCM xem xét cho người dân ở vùng xanh đi chợ 1 lần/tuần', 'Trước tiên là thử nghiệm tại địa bàn quận 7, huyện Củ Chi và huyện Cần Giờ.\r\nVụ Thị trường trong nước vừa cho biết, sau khi điểm tập kết, trung chuyển hàng hóa tại chợ đầu mối Bình Điền được đưa vào hoạt động từ ngày 7.9, TP.HCM tiếp tục có phương án mở thêm điểm tập kết, trung chuyển hàng hóa tại chợ đầu mối Hóc Môn đảm bảo các điều kiện về phòng chống dịch. ', 'Đồng thời, để hỗ trợ cho hoạt động giao nhận hàng hóa, trong những ngày tới, TP cũng dự kiến cho phép shipper giao hàng công nghệ hoạt động liên quận huyện với điều kiện đảm bảo an toàn phòng chống dịch, thay vì chỉ được hoạt động trong phạm vi 1 quận huyện như trước đây.\r\n\r\nĐáng chú ý, TP cũng xem xét, thẩm định kế hoạch cho phép người dân đi chợ 1 lần/tuần ở vùng xanh, trước tiên là thử nghiệm tại địa bàn quận 7, huyện Củ Chi và huyện Cần Giờ.\r\n\r\nHiện nay, đã có 17/19 tỉnh thành phía nam tiến hành triển khai xây dựng kế hoạch khôi phục sản xuất, dự kiến sẽ áp dụng khi tình hình dịch bệnh tại địa phương được kiểm soát và sau khi TP.HCM bắt đầu nới giãn cách.\r\n\r\nTổ công tác đặc biệt khu vực phía nam của Bộ Công Thương đánh giá: \"Tình hình cung ứng hàng hóa cho người dân trên địa bàn TP tiếp tục được cải thiện. Các siêu thị, cửa hàng tiện lợi đã cơ bản đáp ứng được nhu cầu đặt hàng của tổ đi chợ hộ và đơn hàng trực tuyến của người dân. Hàng hóa thiết yếu tại siêu thị, cửa hàng tiện lợi tương đối đầy đủ, giá bán khá ổn định\".', 'Vụ Thị trường trong nước cho biết, trong thời gian tới, Bộ Công Thương sẽ tiếp tục triển khai nhiều giải pháp để hỗ trợ kết nối, tiêu thụ hàng hóa thông qua các hoạt động kết nối cung cầu, xúc tiến thương mại, đa dạng hình thức phân phối… ﻿﻿Trong đó, sẽ đưa vào vận hành gian hàng giao dịch ảo để tạo thêm kênh xúc tiến, bán hàng cho doanh nghiệp trong bối cảnh dịch bệnh diễn biến phức tạp.\r\n\r\n', '2021-09-13', 'Đồng Hới', 'imgnew241.jpeg', 'imgnew242.jpg', NULL, 'tp-hcm-xem-xet-cho-nguoi-dan-o-vung-xanh-di-cho-1-lan'),
(25, 5, 'Shipper hoạt động trở lại, ‘đi chợ hộ’ tăng tốc độ giao hàng', 'Sau khi shipper tại các quận huyện “vùng đỏ” TP.HCM được hoạt động trở lại, “đi chợ hộ” đã tăng tốc độ giao hàng. Nhiều địa phương thậm chí không còn nợ đơn hàng.\r\nVài ngày trở lại đây, nhiều người dân tại các quận huyện “vùng đỏ” ở TP.HCM bất ngờ khi ứng dụng Grab mở lại dịch vụ đi chợ hộ GrabMart. Cùng với đó, nhiều cửa hàng, siêu thị có gian hàng trên nền ứng dụng cũng mở bán trở lại, nhận đơn hàng.\r\n\r\nNhiều người dân ở “vùng đỏ” đã tự mua sắm, đặt mua lương thực, thực phẩm, hàng thiết yếu và được giao tận nhà thay vì nhờ phường “đi chợ hộ”. Dù các ứng dụng mới mở lại dịch vụ giao hàng song nhiều gian hàng nhanh chóng bị quá tải, phải ngưng nhận đơn hàng từ sớm.', 'Cũng liên quan đến hoạt động phân phối hàng hóa, Sở Công Thương TP.HCM vừa đề xuất UBND TP.HCM nghiên cứu cho phép hệ thống siêu thị, cửa hàng tiện lợi, cửa hàng thực phẩm được mở rộng thời gian và phương thức hoạt động trở lại từ 6 giờ 00 đến 21 giờ 00 hàng ngày.\r\n\r\nViệc này nhằm tiếp tục đảm bảo tình hình cung ứng hàng hóa cho người dân trên cơ sở phát huy các hệ thống phân phối hiện có của thành phố và đội ngũ giao nhận hàng hóa (shipper) chuyên nghiệp để phân phối hàng hóa cho người dân được kịp thời.\r\n\r\nSở Công Thương TP.HCM còn kiến nghị thành phố cho phép đội ngũ shipper hoạt động theo phạm vi 1 quận, huyện, thành phố Thủ Đức từ 6 giờ 00 đến 21 giờ 00 hàng ngày tương ứng để hỗ trợ phân phối hàng hóa kịp thời đến người dân.\r\n\r\nTheo Sở Công Thương, tổng nhu cầu đặt hàng “đi chợ hộ” trong 2 tuần (từ ngày 23.8 đến ngày 6.9) trên địa bàn TP.HCM là 1.943.679 hộ, chiếm 77,24% tổng số hộ dân trên địa bàn. Chỉ riêng trong ngày 5.9, tổng nhu cầu đăng ký đi chợ hộ trong ngày là 96.398 hộ, tăng 17,98% so với ngày hôm trước (tương đương tăng 14.695 hộ).\r\n\r\nTính chung từ ngày 23.8 đến ngày 6.9, tổng số hộ đã đăng ký “đi chợ hộ” là 1.343.656 hộ, chiếm 53,39% tổng số hộ dân sinh sống trên địa bàn. Thực tế tỷ lệ hộ đăng ký có thể cao hơn, do có khoảng 20% - 30% số hộ thực hiện đăng ký ghép để “mua hộ” cho gia đình và người thân, họ hàng.\r\n\r\nTuy nhiên, Sở Công Thương cũng nhìn nhận có một số điểm hạn chế trong việc tổ chức mua bán, hỗ trợ thực phẩm trong 14 ngày qua. Một số cửa hàng cung ứng lương thực, thực phẩm vẫn luôn trong tình trạng thiếu nguồn cung cục bộ những mặt hàng thực phẩm tươi sống, rau, củ, quả, buộc Sở phải yêu cầu điều phối nguồn hàng từ nơi thừa đến nơi thiếu.\r\n\r\nSố lượng nhân viên soạn hàng và giao hàng của các siêu thị, cửa hàng còn ít, lực lượng tổ dân phố hỗ trợ chưa chuyên nghiệp, thiếu kinh nghiệm, dẫn đến số đơn hàng hoàn thành giao cho các phường và người dân chưa cao.', 'Cụ thể, tỷ lệ đáp ứng đơn hàng của người dân tại một số địa phương đạt dưới 90% như tại huyện Bình Chánh chỉ đạt 78,4%, Phú Nhuận 85,5%...\r\n\r\nĐặc biệt, phương thức “đi chợ hộ” mua theo combo cũng gây khó khăn cho người dân trong điều kiện cần phải tính toán tiết kiệm chi tiêu, mua những thứ thật sự cần thiết.\r\n\r\n“Tính đến ngày 5.9, các địa phương đã giải quyết được 1.275.708 đơn hàng đi chợ hộ cho người dân. Tuy nhiên, với sự tham gia bổ trợ cung ứng, vận chuyển hàng hóa của lực lượng shipper thì sau 7 ngày được hoạt động, với số lượng khoảng 10.000 shipper đã giải quyết được hơn 1 triệu đơn hàng cho người dân”, Sở Công Thương TP.HCM cho biết.\r\n\r\nHiện tại, TP.HCM có 2.714 điểm cung ứng hàng hóa đang hoạt động; bao gồm 92 siêu thị, 2.100 cửa hàng tiện ích và 522 cửa hàng tạp hóa, cơ bản đáp ứng nhu cầu của người dân. Ngoài ra, với phương thức “đi chợ hộ”, Sở Công Thương cũng đang triển khai nhiều biện pháp bổ trợ khác, như bán hàng lưu động theo combo, giao hàng qua shipper; siêu thị 0 đồng; dự án “chợ nghĩa tình”…\r\n\r\nChia sẻ Facebook\r\n \r\nChia sẻ Zalo\r\n', '2021-09-07', 'Đồng Hới', 'imgnew251.jpeg', 'imgnew252.jpg', NULL, 'shipper-hoat-dong-tro-lai-di-cho-ho-tang-toc-do-giao-hang');

-- --------------------------------------------------------

--
-- Cấu trúc bảng cho bảng `tbl_account`
--

DROP TABLE IF EXISTS `tbl_account`;
CREATE TABLE IF NOT EXISTS `tbl_account` (
  `idAccount` int(11) NOT NULL AUTO_INCREMENT,
  `userName` text COLLATE utf8mb4_unicode_ci NOT NULL,
  `passWord` text COLLATE utf8mb4_unicode_ci NOT NULL,
  `name` text COLLATE utf8mb4_unicode_ci,
  `nickname` text COLLATE utf8mb4_unicode_ci,
  `birth` date DEFAULT NULL,
  `admin` int(11) DEFAULT NULL,
  `email` text COLLATE utf8mb4_unicode_ci,
  `sdt` int(11) DEFAULT NULL,
  `address` text COLLATE utf8mb4_unicode_ci,
  `avata` text COLLATE utf8mb4_unicode_ci,
  PRIMARY KEY (`idAccount`),
  UNIQUE KEY `idAccount` (`idAccount`)
) ENGINE=InnoDB AUTO_INCREMENT=7 DEFAULT CHARSET=utf8mb4 COLLATE=utf8mb4_unicode_ci;

--
-- Đang đổ dữ liệu cho bảng `tbl_account`
--

INSERT INTO `tbl_account` (`idAccount`, `userName`, `passWord`, `name`, `nickname`, `birth`, `admin`, `email`, `sdt`, `address`, `avata`) VALUES
(1, 'nhduong.20it7@vku.udn.vn', 'admin', 'Nguyễn Hải Dương', 'Móm', '2002-10-18', 1, 'nhduong.20it7@vku.udn.vn', 868617603, '110 Huỳnh Văn Nghệ, Hoà Hải, Ngũ Hành Sơn, Đà Nẵng', ''),
(3, 'Nhduong.123', '181002', 'Nguyễn Hải Hiền', NULL, NULL, NULL, 'naruduong0@gmail.com', 868617603, '110 Huỳnh Văn Nghệ, Hoà Hải, Ngũ Hành Sơn, Đà Nẵng', 'father.png'),
(5, 'lucacu', '123', 'Nguyễn Hải Dương', NULL, NULL, NULL, 'naruduong@gmail.com', 868617603, '110 Huỳnh Văn Nghệ, Hoà Hải, Ngũ Hành Sơn, Đà Nẵng', 'mother.png'),
(6, 'NgHduong', '123', NULL, NULL, NULL, NULL, '123@gmail.com', NULL, NULL, NULL);

-- --------------------------------------------------------

--
-- Cấu trúc bảng cho bảng `tbl_bill`
--

DROP TABLE IF EXISTS `tbl_bill`;
CREATE TABLE IF NOT EXISTS `tbl_bill` (
  `idBill` int(11) NOT NULL AUTO_INCREMENT,
  `statusAccept` int(11) NOT NULL,
  `dateAccept` date DEFAULT NULL,
  `respone` text COLLATE utf8_unicode_ci NOT NULL,
  `idUser` int(11) NOT NULL,
  UNIQUE KEY `idBill` (`idBill`),
  KEY `fk_id_user` (`idUser`)
) ENGINE=InnoDB AUTO_INCREMENT=97125 DEFAULT CHARSET=utf8 COLLATE=utf8_unicode_ci;

--
-- Đang đổ dữ liệu cho bảng `tbl_bill`
--

INSERT INTO `tbl_bill` (`idBill`, `statusAccept`, `dateAccept`, `respone`, `idUser`) VALUES
(69753, 0, NULL, '', 1),
(71062, 0, NULL, '', 1),
(71076, 0, NULL, '', 1),
(97124, 0, NULL, '', 3);

-- --------------------------------------------------------

--
-- Cấu trúc bảng cho bảng `tbl_card_product`
--

DROP TABLE IF EXISTS `tbl_card_product`;
CREATE TABLE IF NOT EXISTS `tbl_card_product` (
  `idCard` int(11) NOT NULL AUTO_INCREMENT,
  `IdAccount` int(11) NOT NULL,
  `idProduct` int(11) NOT NULL,
  `countProduct` int(11) NOT NULL,
  `dateAddCard` date NOT NULL,
  UNIQUE KEY `idCard` (`idCard`),
  KEY `Fk_Account_user` (`IdAccount`),
  KEY `Fk_Prod_card` (`idProduct`)
) ENGINE=InnoDB AUTO_INCREMENT=28 DEFAULT CHARSET=utf8 COLLATE=utf8_unicode_ci;

--
-- Đang đổ dữ liệu cho bảng `tbl_card_product`
--

INSERT INTO `tbl_card_product` (`idCard`, `IdAccount`, `idProduct`, `countProduct`, `dateAddCard`) VALUES
(14, 3, 46, 1, '2022-06-09'),
(15, 3, 48, 1, '2022-06-09');

-- --------------------------------------------------------

--
-- Cấu trúc bảng cho bảng `tbl_category`
--

DROP TABLE IF EXISTS `tbl_category`;
CREATE TABLE IF NOT EXISTS `tbl_category` (
  `idCategory` int(11) NOT NULL AUTO_INCREMENT,
  `nameCategory` text COLLATE utf8mb4_unicode_ci NOT NULL,
  `imgCategory` text COLLATE utf8mb4_unicode_ci NOT NULL,
  `reviewCate` text COLLATE utf8mb4_unicode_ci,
  PRIMARY KEY (`idCategory`)
) ENGINE=InnoDB AUTO_INCREMENT=15 DEFAULT CHARSET=utf8mb4 COLLATE=utf8mb4_unicode_ci;

--
-- Đang đổ dữ liệu cho bảng `tbl_category`
--

INSERT INTO `tbl_category` (`idCategory`, `nameCategory`, `imgCategory`, `reviewCate`) VALUES
(8, 'Không thuộc danh mục', 'lotus.png', 'Các sản phẩm không thuộc danh mục'),
(9, 'Thực phẩm', 'cate_thucpham.jpg', 'Nông sản tươi sống và nông sản chế biến'),
(11, 'Nhóm vải và may mặc', 'cate_maymac.jpg', 'Các sản phẩm làm từ bông sợi'),
(12, 'Lưu niệm- nội thất - trang trí', 'cate_luu niem.jpg', 'Các sản phẩm từ gỗ, sợi, mây, tre, kim loại gốm sứ, làm đô lưu niệm, đồ gia dụng'),
(13, 'Dịch vụ du lịch cộng đồng và điểm du lịch', 'cate_dichvu.png', 'Các sản phẩm dịch vụ phụ vụ tham quan, du lịch nghĩ dưỡng,  giải trí, học tập, nghiên cứu'),
(14, 'Nhóm đồ uống', 'cate_douong.jpg', 'Các đồ uống tươi mát, bao gồm cả tự nhà làm và nhập từ các công ty lớn có thẩm định');

-- --------------------------------------------------------

--
-- Cấu trúc bảng cho bảng `tbl_orders`
--

DROP TABLE IF EXISTS `tbl_orders`;
CREATE TABLE IF NOT EXISTS `tbl_orders` (
  `idOrder` int(11) NOT NULL AUTO_INCREMENT,
  `idProd` int(11) NOT NULL,
  `dateOrder` date NOT NULL,
  `idBill` int(11) NOT NULL,
  `countProd` int(11) NOT NULL,
  UNIQUE KEY `idOrder` (`idOrder`),
  KEY `fk_id_bill` (`idBill`),
  KEY `fk_id_prod` (`idProd`)
) ENGINE=InnoDB AUTO_INCREMENT=44 DEFAULT CHARSET=utf8 COLLATE=utf8_unicode_ci;

--
-- Đang đổ dữ liệu cho bảng `tbl_orders`
--

INSERT INTO `tbl_orders` (`idOrder`, `idProd`, `dateOrder`, `idBill`, `countProd`) VALUES
(37, 46, '2022-06-12', 69753, 1),
(38, 46, '2022-06-12', 71076, 3),
(39, 48, '2022-06-12', 71076, 4),
(40, 49, '2022-06-16', 71062, 1),
(41, 48, '2022-06-16', 71062, 1),
(42, 56, '2022-06-16', 71062, 1),
(43, 47, '2022-06-16', 97124, 5);

-- --------------------------------------------------------

--
-- Cấu trúc bảng cho bảng `tbl_product`
--

DROP TABLE IF EXISTS `tbl_product`;
CREATE TABLE IF NOT EXISTS `tbl_product` (
  `idProduct` int(11) NOT NULL AUTO_INCREMENT,
  `idCateProduct` int(11) DEFAULT NULL,
  `nameProduct` text COLLATE utf8mb4_unicode_ci,
  `descriptProduct` text COLLATE utf8mb4_unicode_ci,
  `brand` text COLLATE utf8mb4_unicode_ci,
  `status` int(11) DEFAULT NULL,
  `imgProd1` text COLLATE utf8mb4_unicode_ci,
  `imgProd2` text COLLATE utf8mb4_unicode_ci,
  `imgProd3` text COLLATE utf8mb4_unicode_ci,
  `imgProd4` text COLLATE utf8mb4_unicode_ci,
  `priceProduct` int(11) DEFAULT NULL,
  `special` int(11) DEFAULT NULL,
  `sale` int(11) DEFAULT NULL,
  `slug` text COLLATE utf8mb4_unicode_ci,
  PRIMARY KEY (`idProduct`),
  KEY `fk_id_cate_prod` (`idCateProduct`)
) ENGINE=InnoDB AUTO_INCREMENT=59 DEFAULT CHARSET=utf8mb4 COLLATE=utf8mb4_unicode_ci;

--
-- Đang đổ dữ liệu cho bảng `tbl_product`
--

INSERT INTO `tbl_product` (`idProduct`, `idCateProduct`, `nameProduct`, `descriptProduct`, `brand`, `status`, `imgProd1`, `imgProd2`, `imgProd3`, `imgProd4`, `priceProduct`, `special`, `sale`, `slug`) VALUES
(44, 9, 'Nhàu lá khô', 'Trái nhàu khô là loại quả đã được sơ chế của trái nhàu tươi. Hiện nay loài cây này ở nước ta chỉ được biết đến với một số cái tên khác là cây ngao, nhàu rừng hay nhàu núi. Cây nhàu có tên khoa học là Morinda Citrifolia L, đây là loài cây thuộc họ Cà phê. ', 'Cây nhàu sống tại các vùng có khí hậu nhiệt đới và ôn đới. Do đó, có thể tìm thấy loài cây này tại Châu Á, Châu Úc. Tại Châu Á thường phân bố ở Trung Quốc, Ấn Độ và Việt Nam. ', 1, 'nhàu lá khô 1.jpg', 'nhàu lá khô 2.jpg', 'nhàu lá khô 4.jpg', 'bột nhàu 0.jpg', 100000, 0, 5, 'nhau-la-kho'),
(45, 9, 'Bột nhàu', 'Bột nhàu là một chế phẩm từ những quả nhàu chín được sản xuất trong một quy trình khéo chín và vô trùng. Xét về công dụng thì bột nhàu có tác dụng tuyệt vời không kém gì so với trái nhàu tươi hoặc trái nhàu khô, không chỉ vậy nó bảo quản rất đơn giản cũng như quá trình vận chuyển không hề khó khăn. Vậy, Bột nhàu có những công dụng như thế nào và nó được sản xuất ra sao?', 'Hàm lượng bao gồm trên 110 vi dưỡng chất khác nhau (đây là một nghiên cứu không chỉ được các nhà khoa học Việt Nam mà cả những trung tâm khoa học lớn trên thế giới nghiên cứu).', 1, 'bột nhàu 0.jpg', 'botnhau1.jpg', 'botnhau2.jpg', 'botnhau3.jpg', 100000, 0, 99, 'bot-nhau'),
(46, 9, 'Nước cốt nhàu', 'Cách dùng: Ngày 2 hay 3 lần, mỗi lần 15- 30ml uống trực tiếp với nước lọc trước bữa ăn ( hoặc sau ăn với những người đau bao tử)\r\n\r\nDùng cho người trưởng thành không dùng cho phụ nữ mang thai.', '00% Nước ép Trái Nhàu.', 0, 'nuoccotnhau1.jpg', 'nuoccotnhau2.jpg', 'nuoccotnhau3.jpg', 'nuoccotnhau4.jpg', 100000, 0, 10, 'nuoc-cot-nhau'),
(47, 9, 'Phở sẵn', 'Là loại gia vị nêm sẵn đến từ thương hiệu Aji-Quick quen thuộc trong mỗi gia đình Việt Nam. Gia vị nêm sẵn nấu phở bò Aji-Quick gói 57g với chiết xuất thịt bò cùng các loại gia vị quen thuộc, giúp các bà nội trợ có thể chế biến món phở bò cho cả gia đình một cách nhanh chóng với hương vị đậm đà.', 'Xuất xứ từ các loại tinh bột, chuẩn hàng đầu Việt Nam', 1, 'phosan1.jpg', 'phosan2.jpg', 'phosan3.jpg', 'phosannguyenchat1.jpg', 10000, 0, 1, 'pho-san'),
(48, 9, 'Bánh tráng sẵn', 'Bánh tráng Đại Lộc được sản xuất tại Quảng Nam, nguyên liệu chính để làm bánh là tinh bột tráng mỏng phơi khô. Khi ăn có thể nướng giòn hoặc nhúng qua nước để cuốn bánh tráng với thịt heo luộc, là loại đặc sản xứ Quảng nổi tiếng được nhiều du khách biết đến.', 'Đặc sản người dân xứ Quảng, ăn là ghiền', 1, 'banhtrangsan.jpg', 'banhtrangsan1.jpg', 'banhtrangsan3.jpg', 'banhtrangsan4.jpg', 100000, 0, 1, 'banh-trang-san'),
(49, 9, 'Trà Gai Leo', 'Người xưa sử dụng rễ và thân Cà gai leo như một dược liệu đầu vị để giải quyết các vấn đề về gan và giải độc cơ thể', 'Cà gai leo được các nhà khoa học quan tâm và nghiên cứu từ 1980. Có 4 luận án tiến sĩ và nhiều đề tài cấp cơ sở sáng tỏ thêm thành phần hoạt chất, chất tác, hiệu quả của dược liệu Cà gai leo với các vấn đề về Gan.', 1, 'tragaileo1.jpg', 'tragaileo2.jpg', 'chưa có ảnh', 'tragaileo4.jpg', 100000, 0, 1, 'tra-gai-leo'),
(50, 9, 'Trà Gai Leo', 'Người xưa sử dụng rễ và thân Cà gai leo như một dược liệu đầu vị để giải quyết các vấn đề về gan và giải độc cơ thể', 'Cà gai leo được các nhà khoa học quan tâm và nghiên cứu từ 1980. Có 4 luận án tiến sĩ và nhiều đề tài cấp cơ sở sáng tỏ thêm thành phần hoạt chất, chất tác, hiệu quả của dược liệu Cà gai leo với các vấn đề về Gan.', 1, 'tragaileo1.jpg', 'tragaileo2.jpg', 'chưa có ảnh', 'tragaileo4.jpg', 100000, 0, 1, 'tra-gai-bo'),
(51, 9, 'Sửa chua truyền thống', 'Sữa chua không chỉ là món ăn tuyệt vời hỗ trợ tiêu hóa cho buổi sáng hoặc một lựa chọn làm đồ ăn vặt lành mạnh vào buổi chiều. Món ăn tráng miệng này còn là một trong số ít các loại thực phẩm có thể dùng kết hợp với nhiều nguyên liệu khác để biến tấu món ăn ngon miệng. Sữa chua là thực phẩm có nhiều công dụng cho sức khỏe, đặc biệt là đối với hệ tiêu hóa và làn da.', 'Tự làm', 1, 'suachuatruyenthong1.jpg', 'suachuatruyenthong2.jpg', 'suachuatraicay2.jpg', 'suachuatraicay3.jpg', 10000, 0, 12, 'sua-chua-truyen-thong'),
(52, 14, 'Sửa chua nếp cẩm', 'Sữa chua nếp cẩm là món tráng miệng được đông đảo mọi người ở nhiều lứa tuổi yêu thích vì hương vị thơm ngon, thanh mát dễ ăn, lại chứa nhiều dinh dưỡng và cực kỳ dễ làm tại nhà. Hôm nay, hãy vào bếp cùng Ocop để tìm hiểu 2 cách làm sữa chua nếp cẩm nhé!', 'Của nhà làm, tươi mát', 1, 'suachuanepcam1.jpg', 'chưa có ảnh', 'suachuanepcam3.jpg', 'suachuanepcam4.jpg', 200000, 0, 1, 'sua-chua-nep-cam'),
(53, 14, 'Sửa chua trái cây', 'Bổ sung các vitamin từ các loại hoa quả, bổ dưỡng tốt cho sức khoẻ vào những ngày hè nóng nực này', 'Nhà làm, tươi mát, ăn là ghiền', 1, 'suachuatraicay2.jpg', 'suachuatraicay3.jpg', 'suachuatruyenthong1.jpg', 'suachutraicay1.jpg', 20000, 2, 1, 'sua-chua-trai-cay'),
(54, 14, 'Trà an bàng', ' túi lọc được làm từ rễ cây ngưu bàng với nhiều lợi ích đối với sức khỏe. Nhiều nghiên cứu khoa học đã ghi nhận về lợi ích của trà ngưu bàng trong điều trị một số bệnh.', 'Những củ ngưu bàng tươi được chọn lựa để cho ra những túi trà thơm ngon nhất, giữ đậm vị ngưu bàng. Để phục vụ cho nhiều người sử dụng, chúng tôi cho ra 2 dòng sản phẩm trà: Trà ngưu bàng túi lọc – Trà ngưu bàng khô', 1, 'tranbang1.jpg', 'traanbag3.jpg', 'tranbang1.jpg', 'traanbang4.jpg', 30000, 2, 1, 'tra-an-bang'),
(55, 9, 'Bánh chưng ba Hội', 'Bằng niềm đam mê với nghề nấu bánh chưng truyền thống của gia đình, cô gái trẻ Huỳnh Thị Thu Thủy, phố Mỹ Thạch Đông, phường Tân Thạnh, Thành phố Tam Kỳ', 'Quảng Nam: Người “giữ lửa” nghề bánh chưng ngon nức tiếng', 1, 'banhchung3hoi1.jpg', 'banhchungnepcam3hoi.jpg', 'banhtetbahoi1.jpg', 'banhutro3hoi.jpg', 20000, 2, 1, 'banh-chung-ba-hoi'),
(56, 9, 'Bánh ú tro', 'Đây là loại bánh không thể thiếu để cúng ông bà tổ tiên trong ngày Tết Đoan Ngọ cũng như những đám tiệc của người Việt Nam nói chung bởi vỏ bánh dai dai cùng vị béo bùi, tan ngay trong miệng. Theo dân gian, món bánh này có vị ngọt, tính mát nên thích hợp với trẻ em, người gia đang bị nóng sốt.', 'Bánh ú lá tro (hay còn gọi là bánh tro, bánh gio) là một trong những loại bánh truyền thống chứa đựng tinh hoa văn hóa ẩm thực dân tộc. ', 1, 'banhutro3hoi.jpg', 'banhutrobahoi1.jpg', 'banhutro4.jpg', 'banhustro.jpg', 20000, 1, 1, 'banh-u-tro'),
(57, 8, 'Dầu gội thảo mọc bồ kết', 'Bổ sung Protein Đậu Hà lan mượt tóc, phục hồi hư tổn,\r\nChiết xuất đậm đặc Bồ kết và 7 thảo dược quAn toàn Cho cả mẹ bầu, mẹ bỉm sữa, trẻ nhỏ\r\n', 'Bổ sung Protein Đậu Hà lan mượt tóc, phục hồi hư tổn,Chiết xuất đậm đặc Bồ kết và 7 thảo dược quý', 1, 'z3446901527827_980e6037ff277b5df03b91280b4e9400.jpg', 'z3446901536780_5cd613618ec86c64d6c38d1bd1db5f64.jpg', 'z3446901545471_21c58294afd665cfaa45f1ff61d54e81.jpg', 'z3446901527827_980e6037ff277b5df03b91280b4e9400.jpg', 3000000, 1, 2, 'dau-goi-thao-moc-bo-ket'),
(58, 14, 'Nước ION PRO', 'Nhật Bản, là loại nước hoàn toàn không sử dụng hóa chất, mang lại vị ngọt nhẹ tự nhiên, giúp cân bằng axit - kiềm trong cơ thể, khử các chất oxy hóa, loại bỏ các gốc tự do, hỗ trợ tiêu hóa đường ruột, tăng khả năng thải các chất độc hại ra khỏi cơ thể mang lại nhiều oxy và chất dinh dượng cho các tế bào, mô.', 'Nhật bản', 1, 'z3446905856466_1b52582b2f90d1565de5392070220dca.jpg', 'z3446905882064_8eb6488d4eca3330baab721b1506d640.jpg', 'z3446905868783_32ee059b07f80e9fe0ec036dfa3bfd5e.jpg', 'z3446905856466_1b52582b2f90d1565de5392070220dca.jpg', 100000, 1, 1, 'nuoc-ion-pro');

--
-- Các ràng buộc cho các bảng đã đổ
--

--
-- Các ràng buộc cho bảng `catenews`
--
ALTER TABLE `catenews`
  ADD CONSTRAINT `fk_catenew` FOREIGN KEY (`IdCateNews`) REFERENCES `news` (`IdCateNews`);

--
-- Các ràng buộc cho bảng `tbl_bill`
--
ALTER TABLE `tbl_bill`
  ADD CONSTRAINT `fk_id_user` FOREIGN KEY (`idUser`) REFERENCES `tbl_account` (`idAccount`);

--
-- Các ràng buộc cho bảng `tbl_card_product`
--
ALTER TABLE `tbl_card_product`
  ADD CONSTRAINT `Fk_Account_user` FOREIGN KEY (`IdAccount`) REFERENCES `tbl_account` (`idAccount`),
  ADD CONSTRAINT `Fk_Prod_card` FOREIGN KEY (`idProduct`) REFERENCES `tbl_product` (`idProduct`);

--
-- Các ràng buộc cho bảng `tbl_orders`
--
ALTER TABLE `tbl_orders`
  ADD CONSTRAINT `fk_id_bill` FOREIGN KEY (`idBill`) REFERENCES `tbl_bill` (`idBill`),
  ADD CONSTRAINT `fk_id_prod` FOREIGN KEY (`idProd`) REFERENCES `tbl_product` (`idProduct`);

--
-- Các ràng buộc cho bảng `tbl_product`
--
ALTER TABLE `tbl_product`
  ADD CONSTRAINT `fk_id_cate_prod` FOREIGN KEY (`idCateProduct`) REFERENCES `tbl_category` (`idCategory`);
COMMIT;

/*!40101 SET CHARACTER_SET_CLIENT=@OLD_CHARACTER_SET_CLIENT */;
/*!40101 SET CHARACTER_SET_RESULTS=@OLD_CHARACTER_SET_RESULTS */;
/*!40101 SET COLLATION_CONNECTION=@OLD_COLLATION_CONNECTION */;
